date,price_dxy
2017-04-28 0:00:00,25.57
2017-04-27 0:00:00,25.6
2017-04-26 0:00:00,25.559999
2017-04-25 0:00:00,25.5
2017-04-24 0:00:00,25.57
2017-04-21 0:00:00,25.809999
2017-04-20 0:00:00,25.790001
2017-04-19 0:00:00,25.780001
2017-04-18 0:00:00,25.690001
2017-04-17 0:00:00,25.91
2017-04-13 0:00:00,25.98
2017-04-12 0:00:00,25.889999
2017-04-11 0:00:00,26.02
2017-04-10 0:00:00,26.1
2017-04-07 0:00:00,26.15
2017-04-06 0:00:00,26.030001
2017-04-05 0:00:00,25.969999
2017-04-04 0:00:00,25.98
2017-04-03 0:00:00,25.950001
2017-03-31 0:00:00,25.950001
2017-03-30 0:00:00,25.959999
2017-03-29 0:00:00,25.790001
2017-03-28 0:00:00,25.74
2017-03-27 0:00:00,25.6
2017-03-24 0:00:00,25.74
2017-03-23 0:00:00,25.75
2017-03-22 0:00:00,25.719999
2017-03-21 0:00:00,25.74
2017-03-20 0:00:00,25.9
2017-03-17 0:00:00,25.889999
2017-03-16 0:00:00,25.879999
2017-03-15 0:00:00,25.969999
2017-03-14 0:00:00,26.280001
2017-03-13 0:00:00,26.190001
2017-03-10 0:00:00,26.15
2017-03-09 0:00:00,26.33
2017-03-08 0:00:00,26.379999
2017-03-07 0:00:00,26.290001
2017-03-06 0:00:00,26.26
2017-03-03 0:00:00,26.17
2017-03-02 0:00:00,26.4
2017-03-01 0:00:00,26.290001
2017-02-28 0:00:00,26.110001
2017-02-27 0:00:00,26.129999
2017-02-24 0:00:00,26.129999
2017-02-23 0:00:00,26.08
2017-02-22 0:00:00,26.139999
2017-02-21 0:00:00,26.200001
2017-02-17 0:00:00,26.08
2017-02-16 0:00:00,25.950001
2017-02-15 0:00:00,26.1
2017-02-14 0:00:00,26.15
2017-02-13 0:00:00,26.09
2017-02-10 0:00:00,26.030001
2017-02-09 0:00:00,26
2017-02-08 0:00:00,25.9
2017-02-07 0:00:00,25.93
2017-02-06 0:00:00,25.799999
2017-02-03 0:00:00,25.780001
2017-02-02 0:00:00,25.790001
2017-02-01 0:00:00,25.75
2017-01-31 0:00:00,25.73
2017-01-30 0:00:00,25.940001
2017-01-27 0:00:00,25.99
2017-01-26 0:00:00,25.98
2017-01-25 0:00:00,25.809999
2017-01-24 0:00:00,25.9
2017-01-23 0:00:00,25.889999
2017-01-20 0:00:00,26.030001
2017-01-19 0:00:00,26.120001
2017-01-18 0:00:00,26.16
2017-01-17 0:00:00,25.92
2017-01-13 0:00:00,26.16
2017-01-12 0:00:00,26.190001
2017-01-11 0:00:00,26.290001
2017-01-10 0:00:00,26.35
2017-01-09 0:00:00,26.34
2017-01-06 0:00:00,26.41
2017-01-05 0:00:00,26.219999
2017-01-04 0:00:00,26.5
2017-01-03 0:00:00,26.700001
2016-12-30 0:00:00,26.459999
2016-12-29 0:00:00,26.540001
2016-12-28 0:00:00,26.690001
2016-12-27 0:00:00,26.620001
2016-12-23 0:00:00,26.629999
2016-12-22 0:00:00,26.65
2016-12-21 0:00:00,26.620001
2016-12-20 0:00:00,26.700001
2016-12-19 0:00:00,26.65
2016-12-16 0:00:00,26.57
2016-12-15 0:00:00,26.66
2016-12-14 0:00:00,26.370001
2016-12-13 0:00:00,26.120001
2016-12-12 0:00:00,26.09
2016-12-09 0:00:00,26.24
2016-12-08 0:00:00,26.129999
2016-12-07 0:00:00,25.9
2016-12-06 0:00:00,25.98
2016-12-05 0:00:00,25.879999
2016-12-02 0:00:00,26.049999
2016-12-01 0:00:00,26.110001
2016-11-30 0:00:00,26.25
2016-11-29 0:00:00,26.110001
2016-11-28 0:00:00,26.17
2016-11-25 0:00:00,26.24
2016-11-23 0:00:00,26.290001
2016-11-22 0:00:00,26.129999
2016-11-21 0:00:00,26.09
2016-11-18 0:00:00,26.190001
2016-11-17 0:00:00,26.1
2016-11-16 0:00:00,25.950001
2016-11-15 0:00:00,25.879999
2016-11-14 0:00:00,25.84
2016-11-11 0:00:00,25.59
2016-11-10 0:00:00,25.549999
2016-11-09 0:00:00,25.5
2016-11-08 0:00:00,25.34
2016-11-07 0:00:00,25.27
2016-11-04 0:00:00,25.059999
2016-11-03 0:00:00,25.129999
2016-11-02 0:00:00,25.200001
2016-11-01 0:00:00,25.290001
2016-10-31 0:00:00,25.42
2016-10-28 0:00:00,25.41
2016-10-27 0:00:00,25.559999
2016-10-26 0:00:00,25.51
2016-10-25 0:00:00,25.52
2016-10-24 0:00:00,25.530001
2016-10-21 0:00:00,25.5
2016-10-20 0:00:00,25.41
2016-10-19 0:00:00,25.33
2016-10-18 0:00:00,25.32
2016-10-17 0:00:00,25.299999
2016-10-14 0:00:00,25.360001
2016-10-13 0:00:00,25.23
2016-10-12 0:00:00,25.32
2016-10-11 0:00:00,25.25
2016-10-10 0:00:00,25.059999
2016-10-07 0:00:00,24.959999
2016-10-06 0:00:00,25
2016-10-05 0:00:00,24.870001
2016-10-04 0:00:00,24.84
2016-10-03 0:00:00,24.73
2016-09-30 0:00:00,24.68
2016-09-29 0:00:00,24.690001
2016-09-28 0:00:00,24.67
2016-09-27 0:00:00,24.65
2016-09-26 0:00:00,24.629999
2016-09-23 0:00:00,24.68
2016-09-22 0:00:00,24.67
2016-09-21 0:00:00,24.700001
2016-09-20 0:00:00,24.809999
2016-09-19 0:00:00,24.77
2016-09-16 0:00:00,24.83
2016-09-15 0:00:00,24.629999
2016-09-14 0:00:00,24.639999
2016-09-13 0:00:00,24.700001
2016-09-12 0:00:00,24.6
2016-09-09 0:00:00,24.639999
2016-09-08 0:00:00,24.57
2016-09-07 0:00:00,24.540001
2016-09-06 0:00:00,24.5
2016-09-02 0:00:00,24.790001
2016-09-01 0:00:00,24.73
2016-08-31 0:00:00,24.82
2016-08-30 0:00:00,24.83
2016-08-29 0:00:00,24.700001
2016-08-26 0:00:00,24.68
2016-08-25 0:00:00,24.5
2016-08-24 0:00:00,24.5
2016-08-23 0:00:00,24.43
2016-08-22 0:00:00,24.450001
2016-08-19 0:00:00,24.42
2016-08-18 0:00:00,24.33
2016-08-17 0:00:00,24.51
2016-08-16 0:00:00,24.49
2016-08-15 0:00:00,24.709999
2016-08-12 0:00:00,24.75
2016-08-11 0:00:00,24.790001
2016-08-10 0:00:00,24.719999
2016-08-09 0:00:00,24.85
2016-08-08 0:00:00,24.9
2016-08-05 0:00:00,24.879999
2016-08-04 0:00:00,24.75
2016-08-03 0:00:00,24.709999
2016-08-02 0:00:00,24.57
2016-08-01 0:00:00,24.74
2016-07-29 0:00:00,24.67
2016-07-28 0:00:00,25.01
2016-07-27 0:00:00,25.02
2016-07-26 0:00:00,25.139999
2016-07-25 0:00:00,25.17
2016-07-22 0:00:00,25.209999
2016-07-21 0:00:00,25.08
2016-07-20 0:00:00,25.120001
2016-07-19 0:00:00,25.1
2016-07-18 0:00:00,24.98
2016-07-15 0:00:00,24.959999
2016-07-14 0:00:00,24.860001
2016-07-13 0:00:00,24.92
2016-07-12 0:00:00,24.98
2016-07-11 0:00:00,25
2016-07-08 0:00:00,24.93
2016-07-07 0:00:00,24.92
2016-07-06 0:00:00,24.860001
2016-07-05 0:00:00,24.93
2016-07-01 0:00:00,24.76
2016-06-30 0:00:00,24.84
2016-06-29 0:00:00,24.790001
2016-06-28 0:00:00,24.870001
2016-06-27 0:00:00,24.99
2016-06-24 0:00:00,24.780001
2016-06-23 0:00:00,24.15
2016-06-22 0:00:00,24.26
2016-06-21 0:00:00,24.370001
2016-06-20 0:00:00,24.25
2016-06-17 0:00:00,24.389999
2016-06-16 0:00:00,24.5
2016-06-15 0:00:00,24.530001
2016-06-14 0:00:00,24.59
2016-06-13 0:00:00,24.440001
2016-06-10 0:00:00,24.5
2016-06-09 0:00:00,24.34
2016-06-08 0:00:00,24.23
2016-06-07 0:00:00,24.299999
2016-06-06 0:00:00,24.34
2016-06-03 0:00:00,24.34
2016-06-02 0:00:00,24.73
2016-06-01 0:00:00,24.700001
2016-05-31 0:00:00,24.84
2016-05-27 0:00:00,24.790001
2016-05-26 0:00:00,24.65
2016-05-25 0:00:00,24.690001
2016-05-24 0:00:00,24.76
2016-05-23 0:00:00,24.68
2016-05-20 0:00:00,24.690001
2016-05-19 0:00:00,24.690001
2016-05-18 0:00:00,24.65
2016-05-17 0:00:00,24.48
2016-05-16 0:00:00,24.48
2016-05-13 0:00:00,24.49
2016-05-12 0:00:00,24.379999
2016-05-11 0:00:00,24.290001
2016-05-10 0:00:00,24.41
2016-05-09 0:00:00,24.389999
2016-05-06 0:00:00,24.32
2016-05-05 0:00:00,24.290001
2016-05-04 0:00:00,24.17
2016-05-03 0:00:00,24.08
2016-05-02 0:00:00,24.01
2016-04-29 0:00:00,24.1
2016-04-28 0:00:00,24.27
2016-04-27 0:00:00,24.469999
2016-04-26 0:00:00,24.5
2016-04-25 0:00:00,24.57
2016-04-22 0:00:00,24.65
2016-04-21 0:00:00,24.51
2016-04-20 0:00:00,24.51
2016-04-19 0:00:00,24.370001
2016-04-18 0:00:00,24.49
2016-04-15 0:00:00,24.540001
2016-04-14 0:00:00,24.610001
2016-04-13 0:00:00,24.549999
2016-04-12 0:00:00,24.360001
2016-04-11 0:00:00,24.360001
2016-04-08 0:00:00,24.42
2016-04-07 0:00:00,24.51
2016-04-06 0:00:00,24.48
2016-04-05 0:00:00,24.530001
2016-04-04 0:00:00,24.51
2016-04-01 0:00:00,24.530001
2016-03-31 0:00:00,24.540001
2016-03-30 0:00:00,24.58
2016-03-29 0:00:00,24.66
2016-03-28 0:00:00,24.879999
2016-03-24 0:00:00,24.93
2016-03-23 0:00:00,24.92
2016-03-22 0:00:00,24.790001
2016-03-21 0:00:00,24.719999
2016-03-18 0:00:00,24.639999
2016-03-17 0:00:00,24.58
2016-03-16 0:00:00,24.799999
2016-03-15 0:00:00,25.07
2016-03-14 0:00:00,25.049999
2016-03-11 0:00:00,24.950001
2016-03-10 0:00:00,24.969999
2016-03-09 0:00:00,25.219999
2016-03-08 0:00:00,25.209999
2016-03-07 0:00:00,25.200001
2016-03-04 0:00:00,25.25
2016-03-03 0:00:00,25.32
2016-03-02 0:00:00,25.48
2016-03-01 0:00:00,25.5
2016-02-29 0:00:00,25.49
2016-02-26 0:00:00,25.440001
2016-02-25 0:00:00,25.27
2016-02-24 0:00:00,25.290001
2016-02-23 0:00:00,25.27
2016-02-22 0:00:00,25.26
2016-02-19 0:00:00,25.07
2016-02-18 0:00:00,25.139999
2016-02-17 0:00:00,25.129999
2016-02-16 0:00:00,25.139999
2016-02-12 0:00:00,24.92
2016-02-11 0:00:00,24.809999
2016-02-10 0:00:00,24.879999
2016-02-09 0:00:00,24.93
2016-02-08 0:00:00,25.110001
2016-02-05 0:00:00,25.17
2016-02-04 0:00:00,25.059999
2016-02-03 0:00:00,25.23
2016-02-02 0:00:00,25.67
2016-02-01 0:00:00,25.690001
2016-01-29 0:00:00,25.860001
2016-01-28 0:00:00,25.59
2016-01-27 0:00:00,25.709999
2016-01-26 0:00:00,25.73
2016-01-25 0:00:00,25.780001
2016-01-22 0:00:00,25.860001
2016-01-21 0:00:00,25.719999
2016-01-20 0:00:00,25.75
2016-01-19 0:00:00,25.74
2016-01-15 0:00:00,25.690001
2016-01-14 0:00:00,25.75
2016-01-13 0:00:00,25.68
2016-01-12 0:00:00,25.719999
2016-01-11 0:00:00,25.68
2016-01-08 0:00:00,25.559999
2016-01-07 0:00:00,25.51
2016-01-06 0:00:00,25.77
2016-01-05 0:00:00,25.84
2016-01-04 0:00:00,25.690001
2015-12-31 0:00:00,25.65
2015-12-30 0:00:00,25.52
2015-12-29 0:00:00,25.52
2015-12-28 0:00:00,25.450001
2015-12-24 0:00:00,25.48
2015-12-23 0:00:00,25.540001
2015-12-22 0:00:00,25.5
2015-12-21 0:00:00,25.540001
2015-12-18 0:00:00,25.629999
2015-12-17 0:00:00,25.780001
2015-12-16 0:00:00,25.540001
2015-12-15 0:00:00,25.540001
2015-12-14 0:00:00,25.4
2015-12-11 0:00:00,25.35
2015-12-10 0:00:00,25.450001
2015-12-09 0:00:00,25.309999
2015-12-08 0:00:00,25.58
2015-12-07 0:00:00,25.66
2015-12-04 0:00:00,25.58
2015-12-03 0:00:00,25.4
2015-12-02 0:00:00,26.02
2015-12-01 0:00:00,25.959999
2015-11-30 0:00:00,26.08
2015-11-27 0:00:00,26.02
2015-11-25 0:00:00,25.98
2015-11-24 0:00:00,25.93
2015-11-23 0:00:00,25.98
2015-11-20 0:00:00,25.940001
2015-11-19 0:00:00,25.76
2015-11-18 0:00:00,25.940001
2015-11-17 0:00:00,25.940001
2015-11-16 0:00:00,25.9
2015-11-13 0:00:00,25.76
2015-11-12 0:00:00,25.67
2015-11-11 0:00:00,25.780001
2015-11-10 0:00:00,25.85
2015-11-09 0:00:00,25.780001
2015-11-06 0:00:00,25.83
2015-11-05 0:00:00,25.530001
2015-11-04 0:00:00,25.51
2015-11-03 0:00:00,25.299999
2015-11-02 0:00:00,25.23
2015-10-30 0:00:00,25.25
2015-10-29 0:00:00,25.34
2015-10-28 0:00:00,25.450001
2015-10-27 0:00:00,25.24
2015-10-26 0:00:00,25.219999
2015-10-23 0:00:00,25.299999
2015-10-22 0:00:00,25.09
2015-10-21 0:00:00,24.73
2015-10-20 0:00:00,24.700001
2015-10-19 0:00:00,24.719999
2015-10-16 0:00:00,24.65
2015-10-15 0:00:00,24.610001
2015-10-14 0:00:00,24.450001
2015-10-13 0:00:00,24.66
2015-10-12 0:00:00,24.700001
2015-10-09 0:00:00,24.719999
2015-10-08 0:00:00,24.84
2015-10-07 0:00:00,24.9
2015-10-06 0:00:00,24.870001
2015-10-05 0:00:00,25.040001
2015-10-02 0:00:00,25.030001
2015-10-01 0:00:00,25.09
2015-09-30 0:00:00,25.1
2015-09-29 0:00:00,25.01
2015-09-28 0:00:00,25.049999
2015-09-25 0:00:00,25.08
2015-09-24 0:00:00,25.040001
2015-09-23 0:00:00,25.120001
2015-09-22 0:00:00,25.120001
2015-09-21 0:00:00,25.01
2015-09-18 0:00:00,24.860001
2015-09-17 0:00:00,24.610001
2015-09-16 0:00:00,24.870001
2015-09-15 0:00:00,24.940001
2015-09-14 0:00:00,24.84
2015-09-11 0:00:00,24.83
2015-09-10 0:00:00,24.940001
2015-09-09 0:00:00,25.040001
2015-09-08 0:00:00,25.040001
2015-09-04 0:00:00,25.129999
2015-09-03 0:00:00,25.16
2015-09-02 0:00:00,25.040001
2015-09-01 0:00:00,24.91
2015-08-31 0:00:00,25.059999
2015-08-28 0:00:00,25.1
2015-08-27 0:00:00,25.02
2015-08-26 0:00:00,24.860001
2015-08-25 0:00:00,24.559999
2015-08-24 0:00:00,24.389999
2015-08-21 0:00:00,24.799999
2015-08-20 0:00:00,25.040001
2015-08-19 0:00:00,25.18
2015-08-18 0:00:00,25.34
2015-08-17 0:00:00,25.280001
2015-08-14 0:00:00,25.24
2015-08-13 0:00:00,25.17
2015-08-12 0:00:00,25.129999
2015-08-11 0:00:00,25.4
2015-08-10 0:00:00,25.4
2015-08-07 0:00:00,25.52
2015-08-06 0:00:00,25.559999
2015-08-05 0:00:00,25.610001
2015-08-04 0:00:00,25.620001
2015-08-03 0:00:00,25.49
2015-07-31 0:00:00,25.43
2015-07-30 0:00:00,25.51
2015-07-29 0:00:00,25.41
2015-07-28 0:00:00,25.27
2015-07-27 0:00:00,25.25
2015-07-24 0:00:00,25.450001
2015-07-23 0:00:00,25.41
2015-07-22 0:00:00,25.51
2015-07-21 0:00:00,25.450001
2015-07-20 0:00:00,25.629999
2015-07-17 0:00:00,25.620001
2015-07-16 0:00:00,25.559999
2015-07-15 0:00:00,25.42
2015-07-14 0:00:00,25.309999
2015-07-13 0:00:00,25.35
2015-07-10 0:00:00,25.1
2015-07-09 0:00:00,25.280001
2015-07-08 0:00:00,25.200001
2015-07-07 0:00:00,25.299999
2015-07-06 0:00:00,25.219999
2015-07-02 0:00:00,25.17
2015-07-01 0:00:00,25.23
2015-06-30 0:00:00,25.030001
2015-06-29 0:00:00,24.860001
2015-06-26 0:00:00,25
2015-06-25 0:00:00,24.93
2015-06-24 0:00:00,24.969999
2015-06-23 0:00:00,25.02
2015-06-22 0:00:00,24.73
2015-06-19 0:00:00,24.68
2015-06-18 0:00:00,24.620001
2015-06-17 0:00:00,24.700001
2015-06-16 0:00:00,24.92
2015-06-15 0:00:00,24.870001
2015-06-12 0:00:00,24.889999
2015-06-11 0:00:00,24.91
2015-06-10 0:00:00,24.84
2015-06-09 0:00:00,24.98
2015-06-08 0:00:00,25.01
2015-06-05 0:00:00,25.299999
2015-06-04 0:00:00,25.08
2015-06-03 0:00:00,25.049999
2015-06-02 0:00:00,25.219999
2015-06-01 0:00:00,25.610001
2015-05-29 0:00:00,25.459999
2015-05-28 0:00:00,25.5
2015-05-27 0:00:00,25.57
2015-05-26 0:00:00,25.559999
2015-05-22 0:00:00,25.280001
2015-05-21 0:00:00,25.049999
2015-05-20 0:00:00,25.09
2015-05-19 0:00:00,25.040001
2015-05-18 0:00:00,24.75
2015-05-15 0:00:00,24.51
2015-05-14 0:00:00,24.549999
2015-05-13 0:00:00,24.629999
2015-05-12 0:00:00,24.85
2015-05-11 0:00:00,24.99
2015-05-08 0:00:00,24.91
2015-05-07 0:00:00,24.879999
2015-05-06 0:00:00,24.75
2015-05-05 0:00:00,25.030001
2015-05-04 0:00:00,25.1
2015-05-01 0:00:00,25.030001
2015-04-30 0:00:00,24.91
2015-04-29 0:00:00,25.059999
2015-04-28 0:00:00,25.280001
2015-04-27 0:00:00,25.440001
2015-04-24 0:00:00,25.52
2015-04-23 0:00:00,25.620001
2015-04-22 0:00:00,25.809999
2015-04-21 0:00:00,25.809999
2015-04-20 0:00:00,25.780001
2015-04-17 0:00:00,25.629999
2015-04-16 0:00:00,25.690001
2015-04-15 0:00:00,25.889999
2015-04-14 0:00:00,26.01
2015-04-13 0:00:00,26.209999
2015-04-10 0:00:00,26.17
2015-04-09 0:00:00,26.110001
2015-04-08 0:00:00,25.84
2015-04-07 0:00:00,25.799999
2015-04-06 0:00:00,25.51
2015-04-02 0:00:00,25.709999
2015-04-01 0:00:00,25.91
2015-03-31 0:00:00,25.9
2015-03-30 0:00:00,25.860001
2015-03-27 0:00:00,25.66
2015-03-26 0:00:00,25.639999
2015-03-25 0:00:00,25.549999
2015-03-24 0:00:00,25.620001
2015-03-23 0:00:00,25.540001
2015-03-20 0:00:00,25.82
2015-03-19 0:00:00,26.17
2015-03-18 0:00:00,25.780001
2015-03-17 0:00:00,26.299999
2015-03-16 0:00:00,26.290001
2015-03-13 0:00:00,26.49
2015-03-12 0:00:00,26.219999
2015-03-11 0:00:00,26.360001
2015-03-10 0:00:00,26.07
2015-03-09 0:00:00,25.799999
2015-03-06 0:00:00,25.799999
2015-03-05 0:00:00,25.49
2015-03-04 0:00:00,25.370001
2015-03-03 0:00:00,25.24
2015-03-02 0:00:00,25.25
2015-02-27 0:00:00,25.200001
2015-02-26 0:00:00,25.190001
2015-02-25 0:00:00,24.93
2015-02-24 0:00:00,24.98
2015-02-23 0:00:00,25.030001
2015-02-20 0:00:00,24.959999
2015-02-19 0:00:00,24.98
2015-02-18 0:00:00,24.889999
2015-02-17 0:00:00,24.879999
2015-02-13 0:00:00,24.91
2015-02-12 0:00:00,24.92
2015-02-11 0:00:00,25.16
2015-02-10 0:00:00,25.07
2015-02-09 0:00:00,25.040001
2015-02-06 0:00:00,25.059999
2015-02-05 0:00:00,24.76
2015-02-04 0:00:00,24.940001
2015-02-03 0:00:00,24.790001
2015-02-02 0:00:00,25.08
2015-01-30 0:00:00,25.129999
2015-01-29 0:00:00,25.1
2015-01-28 0:00:00,25.08
2015-01-27 0:00:00,24.93
2015-01-26 0:00:00,25.17
2015-01-23 0:00:00,25.209999
2015-01-22 0:00:00,24.99
2015-01-21 0:00:00,24.620001
2015-01-20 0:00:00,24.690001
2015-01-16 0:00:00,24.59
2015-01-15 0:00:00,24.48
2015-01-14 0:00:00,24.4
2015-01-13 0:00:00,24.450001
2015-01-12 0:00:00,24.379999
2015-01-09 0:00:00,24.379999
2015-01-08 0:00:00,24.49
2015-01-07 0:00:00,24.389999
2015-01-06 0:00:00,24.299999
2015-01-05 0:00:00,24.25
2015-01-02 0:00:00,24.200001
2014-12-31 0:00:00,23.969999
2014-12-30 0:00:00,23.889999
2014-12-29 0:00:00,23.950001
2014-12-26 0:00:00,23.889999
2014-12-24 0:00:00,23.879999
2014-12-23 0:00:00,23.91
2014-12-22 0:00:00,23.790001
2014-12-19 0:00:00,23.77
2014-12-18 0:00:00,23.67
2014-12-17 0:00:00,23.6
2014-12-16 0:00:00,23.309999
2014-12-15 0:00:00,23.48
2014-12-12 0:00:00,23.43
2014-12-11 0:00:00,23.51
2014-12-10 0:00:00,23.42
2014-12-09 0:00:00,23.549999
2014-12-08 0:00:00,23.66
2014-12-05 0:00:00,23.709999
2014-12-04 0:00:00,23.530001
2014-12-03 0:00:00,23.620001
2014-12-02 0:00:00,23.549999
2014-12-01 0:00:00,23.360001
2014-11-28 0:00:00,23.469999
2014-11-26 0:00:00,23.280001
2014-11-25 0:00:00,23.35
2014-11-24 0:00:00,23.4
2014-11-21 0:00:00,23.459999
2014-11-20 0:00:00,23.27
2014-11-19 0:00:00,23.299999
2014-11-18 0:00:00,23.26
2014-11-17 0:00:00,23.370001
2014-11-14 0:00:00,23.25
2014-11-13 0:00:00,23.309999
2014-11-12 0:00:00,23.33
2014-11-11 0:00:00,23.25
2014-11-10 0:00:00,23.34
2014-11-07 0:00:00,23.27
2014-11-06 0:00:00,23.41
2014-11-05 0:00:00,23.25
2014-11-04 0:00:00,23.139999
2014-11-03 0:00:00,23.200001
2014-10-31 0:00:00,23.09
2014-10-30 0:00:00,22.91
2014-10-29 0:00:00,22.85
2014-10-28 0:00:00,22.68
2014-10-27 0:00:00,22.719999
2014-10-24 0:00:00,22.780001
2014-10-23 0:00:00,22.82
2014-10-22 0:00:00,22.799999
2014-10-21 0:00:00,22.700001
2014-10-20 0:00:00,22.58
2014-10-17 0:00:00,22.66
2014-10-16 0:00:00,22.59
2014-10-15 0:00:00,22.59
2014-10-14 0:00:00,22.83
2014-10-13 0:00:00,22.73
2014-10-10 0:00:00,22.860001
2014-10-09 0:00:00,22.75
2014-10-08 0:00:00,22.68
2014-10-07 0:00:00,22.780001
2014-10-06 0:00:00,22.82
2014-10-03 0:00:00,23.08
2014-10-02 0:00:00,22.780001
2014-10-01 0:00:00,22.85
2014-09-30 0:00:00,22.870001
2014-09-29 0:00:00,22.780001
2014-09-26 0:00:00,22.799999
2014-09-25 0:00:00,22.67
2014-09-24 0:00:00,22.629999
2014-09-23 0:00:00,22.530001
2014-09-22 0:00:00,22.530001
2014-09-19 0:00:00,22.549999
2014-09-18 0:00:00,22.43
2014-09-17 0:00:00,22.530001
2014-09-16 0:00:00,22.389999
2014-09-15 0:00:00,22.43
2014-09-12 0:00:00,22.43
2014-09-11 0:00:00,22.450001
2014-09-10 0:00:00,22.43
2014-09-09 0:00:00,22.389999
2014-09-08 0:00:00,22.43
2014-09-05 0:00:00,22.299999
2014-09-04 0:00:00,22.299999
2014-09-03 0:00:00,22.07
2014-09-02 0:00:00,22.09
2014-08-29 0:00:00,22.02
2014-08-28 0:00:00,21.969999
2014-08-27 0:00:00,21.969999
2014-08-26 0:00:00,22.02
2014-08-25 0:00:00,22
2014-08-22 0:00:00,21.940001
2014-08-21 0:00:00,21.889999
2014-08-20 0:00:00,21.92
2014-08-19 0:00:00,21.82
2014-08-18 0:00:00,21.74
2014-08-15 0:00:00,21.700001
2014-08-14 0:00:00,21.74
2014-08-13 0:00:00,21.75
2014-08-12 0:00:00,21.73
2014-08-11 0:00:00,21.709999
2014-08-08 0:00:00,21.700001
2014-08-07 0:00:00,21.75
2014-08-06 0:00:00,21.719999
2014-08-05 0:00:00,21.75
2014-08-04 0:00:00,21.700001
2014-08-01 0:00:00,21.709999
2014-07-31 0:00:00,21.74
2014-07-30 0:00:00,21.709999
2014-07-29 0:00:00,21.66
2014-07-28 0:00:00,21.620001
2014-07-25 0:00:00,21.620001
2014-07-24 0:00:00,21.58
2014-07-23 0:00:00,21.549999
2014-07-22 0:00:00,21.540001
2014-07-21 0:00:00,21.469999
2014-07-18 0:00:00,21.48
2014-07-17 0:00:00,21.48
2014-07-16 0:00:00,21.49
2014-07-15 0:00:00,21.440001
2014-07-14 0:00:00,21.370001
2014-07-11 0:00:00,21.379999
2014-07-10 0:00:00,21.370001
2014-07-09 0:00:00,21.34
2014-07-08 0:00:00,21.389999
2014-07-07 0:00:00,21.4
2014-07-03 0:00:00,21.389999
2014-07-02 0:00:00,21.309999
2014-07-01 0:00:00,21.27
2014-06-30 0:00:00,21.26
2014-06-27 0:00:00,21.34
2014-06-26 0:00:00,21.41
2014-06-25 0:00:00,21.4
2014-06-24 0:00:00,21.42
2014-06-23 0:00:00,21.4
2014-06-20 0:00:00,21.440001
2014-06-19 0:00:00,21.43
2014-06-18 0:00:00,21.469999
2014-06-17 0:00:00,21.540001
2014-06-16 0:00:00,21.48
2014-06-13 0:00:00,21.540001
2014-06-12 0:00:00,21.540001
2014-06-11 0:00:00,21.59
2014-06-10 0:00:00,21.59
2014-06-09 0:00:00,21.549999
2014-06-06 0:00:00,21.469999
2014-06-05 0:00:00,21.459999
2014-06-04 0:00:00,21.549999
2014-06-03 0:00:00,21.530001
2014-06-02 0:00:00,21.549999
2014-05-30 0:00:00,21.469999
2014-05-29 0:00:00,21.52
2014-05-28 0:00:00,21.530001
2014-05-27 0:00:00,21.469999
2014-05-23 0:00:00,21.48
2014-05-22 0:00:00,21.440001
2014-05-21 0:00:00,21.4
2014-05-20 0:00:00,21.4
2014-05-19 0:00:00,21.389999
2014-05-16 0:00:00,21.389999
2014-05-15 0:00:00,21.389999
2014-05-14 0:00:00,21.41
2014-05-13 0:00:00,21.42
2014-05-12 0:00:00,21.370001
2014-05-09 0:00:00,21.35
2014-05-08 0:00:00,21.219999
2014-05-07 0:00:00,21.17
2014-05-06 0:00:00,21.16
2014-05-05 0:00:00,21.26
2014-05-02 0:00:00,21.27
2014-05-01 0:00:00,21.27
2014-04-30 0:00:00,21.280001
2014-04-29 0:00:00,21.34
2014-04-28 0:00:00,21.32
2014-04-25 0:00:00,21.34
2014-04-24 0:00:00,21.34
2014-04-23 0:00:00,21.370001
2014-04-22 0:00:00,21.370001
2014-04-21 0:00:00,21.389999
2014-04-17 0:00:00,21.370001
2014-04-16 0:00:00,21.370001
2014-04-15 0:00:00,21.35
2014-04-14 0:00:00,21.33
2014-04-11 0:00:00,21.27
2014-04-10 0:00:00,21.26
2014-04-09 0:00:00,21.27
2014-04-08 0:00:00,21.35
2014-04-07 0:00:00,21.49
2014-04-04 0:00:00,21.540001
2014-04-03 0:00:00,21.559999
2014-04-02 0:00:00,21.5
2014-04-01 0:00:00,21.459999
2014-03-31 0:00:00,21.459999
2014-03-28 0:00:00,21.48
2014-03-27 0:00:00,21.48
2014-03-26 0:00:00,21.42
2014-03-25 0:00:00,21.42
2014-03-24 0:00:00,21.41
2014-03-21 0:00:00,21.469999
2014-03-20 0:00:00,21.5
2014-03-19 0:00:00,21.43
2014-03-18 0:00:00,21.27
2014-03-17 0:00:00,21.26
2014-03-14 0:00:00,21.280001
2014-03-13 0:00:00,21.33
2014-03-12 0:00:00,21.32
2014-03-11 0:00:00,21.379999
2014-03-10 0:00:00,21.379999
2014-03-07 0:00:00,21.370001
2014-03-06 0:00:00,21.35
2014-03-05 0:00:00,21.469999
2014-03-04 0:00:00,21.48
2014-03-03 0:00:00,21.459999
2014-02-28 0:00:00,21.379999
2014-02-27 0:00:00,21.52
2014-02-26 0:00:00,21.559999
2014-02-25 0:00:00,21.48
2014-02-24 0:00:00,21.51
2014-02-21 0:00:00,21.52
2014-02-20 0:00:00,21.540001
2014-02-19 0:00:00,21.51
2014-02-18 0:00:00,21.450001
2014-02-14 0:00:00,21.49
2014-02-13 0:00:00,21.530001
2014-02-12 0:00:00,21.65
2014-02-11 0:00:00,21.629999
2014-02-10 0:00:00,21.629999
2014-02-07 0:00:00,21.65
2014-02-06 0:00:00,21.719999
2014-02-05 0:00:00,21.75
2014-02-04 0:00:00,21.780001
2014-02-03 0:00:00,21.76
2014-01-31 0:00:00,21.83
2014-01-30 0:00:00,21.77
2014-01-29 0:00:00,21.629999
2014-01-28 0:00:00,21.629999
2014-01-27 0:00:00,21.620001
2014-01-24 0:00:00,21.620001
2014-01-23 0:00:00,21.59
2014-01-22 0:00:00,21.809999
2014-01-21 0:00:00,21.780001
2014-01-17 0:00:00,21.82
2014-01-16 0:00:00,21.74
2014-01-15 0:00:00,21.76
2014-01-14 0:00:00,21.66
2014-01-13 0:00:00,21.620001
2014-01-10 0:00:00,21.67
2014-01-09 0:00:00,21.76
2014-01-08 0:00:00,21.780001
2014-01-07 0:00:00,21.74
2014-01-06 0:00:00,21.68
2014-01-03 0:00:00,21.74
2014-01-02 0:00:00,21.65
2013-12-31 0:00:00,21.52
2013-12-30 0:00:00,21.49
2013-12-27 0:00:00,21.59
2013-12-26 0:00:00,21.629999
2013-12-24 0:00:00,21.639999
2013-12-23 0:00:00,21.620001
2013-12-20 0:00:00,21.66
2013-12-19 0:00:00,21.68
2013-12-18 0:00:00,21.629999
2013-12-17 0:00:00,21.540001
2013-12-16 0:00:00,21.540001
2013-12-13 0:00:00,21.58
2013-12-12 0:00:00,21.57
2013-12-11 0:00:00,21.49
2013-12-10 0:00:00,21.5
2013-12-09 0:00:00,21.559999
2013-12-06 0:00:00,21.58
2013-12-05 0:00:00,21.58
2013-12-04 0:00:00,21.690001
2013-12-03 0:00:00,21.700001
2013-12-02 0:00:00,21.77
2013-11-29 0:00:00,21.700001
2013-11-27 0:00:00,21.719999
2013-11-26 0:00:00,21.690001
2013-11-25 0:00:00,21.76
2013-11-22 0:00:00,21.73
2013-11-21 0:00:00,21.82
2013-11-20 0:00:00,21.82
2013-11-19 0:00:00,21.719999
2013-11-18 0:00:00,21.73
2013-11-15 0:00:00,21.76
2013-11-14 0:00:00,21.799999
2013-11-13 0:00:00,21.799999
2013-11-12 0:00:00,21.85
2013-11-11 0:00:00,21.84
2013-11-08 0:00:00,21.9
2013-11-07 0:00:00,21.77
2013-11-06 0:00:00,21.67
2013-11-05 0:00:00,21.74
2013-11-04 0:00:00,21.690001
2013-11-01 0:00:00,21.75
2013-10-31 0:00:00,21.629999
2013-10-30 0:00:00,21.48
2013-10-29 0:00:00,21.440001
2013-10-28 0:00:00,21.379999
2013-10-25 0:00:00,21.34
2013-10-24 0:00:00,21.33
2013-10-23 0:00:00,21.360001
2013-10-22 0:00:00,21.35
2013-10-21 0:00:00,21.469999
2013-10-18 0:00:00,21.450001
2013-10-17 0:00:00,21.450001
2013-10-16 0:00:00,21.690001
2013-10-15 0:00:00,21.700001
2013-10-14 0:00:00,21.620001
2013-10-11 0:00:00,21.66
2013-10-10 0:00:00,21.700001
2013-10-09 0:00:00,21.66
2013-10-08 0:00:00,21.559999
2013-10-07 0:00:00,21.549999
2013-10-04 0:00:00,21.610001
2013-10-03 0:00:00,21.51
2013-10-02 0:00:00,21.530001
2013-10-01 0:00:00,21.610001
2013-09-30 0:00:00,21.629999
2013-09-27 0:00:00,21.639999
2013-09-26 0:00:00,21.719999
2013-09-25 0:00:00,21.67
2013-09-24 0:00:00,21.74
2013-09-23 0:00:00,21.700001
2013-09-20 0:00:00,21.690001
2013-09-19 0:00:00,21.68
2013-09-18 0:00:00,21.65
2013-09-17 0:00:00,21.9
2013-09-16 0:00:00,21.940001
2013-09-13 0:00:00,21.99
2013-09-12 0:00:00,22.01
2013-09-11 0:00:00,22.01
2013-09-10 0:00:00,22.09
2013-09-09 0:00:00,22.09
2013-09-06 0:00:00,22.200001
2013-09-05 0:00:00,22.33
2013-09-04 0:00:00,22.18
2013-09-03 0:00:00,22.26
2013-08-30 0:00:00,22.190001
2013-08-29 0:00:00,22.16
2013-08-28 0:00:00,22.01
2013-08-27 0:00:00,21.92
2013-08-26 0:00:00,21.99
2013-08-23 0:00:00,21.99
2013-08-22 0:00:00,22.030001
2013-08-21 0:00:00,21.98
2013-08-20 0:00:00,21.870001
2013-08-19 0:00:00,21.969999
2013-08-16 0:00:00,21.98
2013-08-15 0:00:00,21.940001
2013-08-14 0:00:00,22.09
2013-08-13 0:00:00,22.1
2013-08-12 0:00:00,21.99
2013-08-09 0:00:00,21.93
2013-08-08 0:00:00,21.91
2013-08-07 0:00:00,21.98
2013-08-06 0:00:00,22.07
2013-08-05 0:00:00,22.129999
2013-08-02 0:00:00,22.16
2013-08-01 0:00:00,22.280001
2013-07-31 0:00:00,22.09
2013-07-30 0:00:00,22.15
2013-07-29 0:00:00,22.1
2013-07-26 0:00:00,22.1
2013-07-25 0:00:00,22.120001
2013-07-24 0:00:00,22.27
2013-07-23 0:00:00,22.190001
2013-07-22 0:00:00,22.26
2013-07-19 0:00:00,22.360001
2013-07-18 0:00:00,22.42
2013-07-17 0:00:00,22.379999
2013-07-16 0:00:00,22.33
2013-07-15 0:00:00,22.49
2013-07-12 0:00:00,22.469999
2013-07-11 0:00:00,22.42
2013-07-10 0:00:00,22.780001
2013-07-09 0:00:00,22.93
2013-07-08 0:00:00,22.84
2013-07-05 0:00:00,22.9
2013-07-03 0:00:00,22.57
2013-07-02 0:00:00,22.66
2013-07-01 0:00:00,22.51
2013-06-28 0:00:00,22.559999
2013-06-27 0:00:00,22.51
2013-06-26 0:00:00,22.52
2013-06-25 0:00:00,22.4
2013-06-24 0:00:00,22.360001
2013-06-21 0:00:00,22.34
2013-06-20 0:00:00,22.190001
2013-06-19 0:00:00,22.059999
2013-06-18 0:00:00,21.860001
2013-06-17 0:00:00,21.84
2013-06-14 0:00:00,21.879999
2013-06-13 0:00:00,21.9
2013-06-12 0:00:00,21.969999
2013-06-11 0:00:00,21.98
2013-06-10 0:00:00,22.17
2013-06-07 0:00:00,22.16
2013-06-06 0:00:00,22.129999
2013-06-05 0:00:00,22.42
2013-06-04 0:00:00,22.459999
2013-06-03 0:00:00,22.450001
2013-05-31 0:00:00,22.610001
2013-05-30 0:00:00,22.549999
2013-05-29 0:00:00,22.700001
2013-05-28 0:00:00,22.870001
2013-05-24 0:00:00,22.709999
2013-05-23 0:00:00,22.74
2013-05-22 0:00:00,22.889999
2013-05-21 0:00:00,22.790001
2013-05-20 0:00:00,22.780001
2013-05-17 0:00:00,22.92
2013-05-16 0:00:00,22.780001
2013-05-15 0:00:00,22.790001
2013-05-14 0:00:00,22.73
2013-05-13 0:00:00,22.639999
2013-05-10 0:00:00,22.6
2013-05-09 0:00:00,22.48
2013-05-08 0:00:00,22.27
2013-05-07 0:00:00,22.370001
2013-05-06 0:00:00,22.370001
2013-05-03 0:00:00,22.32
2013-05-02 0:00:00,22.33
2013-05-01 0:00:00,22.18
2013-04-30 0:00:00,22.200001
2013-04-29 0:00:00,22.309999
2013-04-26 0:00:00,22.41
2013-04-25 0:00:00,22.51
2013-04-24 0:00:00,22.559999
2013-04-23 0:00:00,22.57
2013-04-22 0:00:00,22.49
2013-04-19 0:00:00,22.5
2013-04-18 0:00:00,22.459999
2013-04-17 0:00:00,22.469999
2013-04-16 0:00:00,22.23
2013-04-15 0:00:00,22.41
2013-04-12 0:00:00,22.34
2013-04-11 0:00:00,22.370001
2013-04-10 0:00:00,22.43
2013-04-09 0:00:00,22.41
2013-04-08 0:00:00,22.51
2013-04-05 0:00:00,22.450001
2013-04-04 0:00:00,22.49
2013-04-03 0:00:00,22.52
2013-04-02 0:00:00,22.57
2013-04-01 0:00:00,22.52
2013-03-28 0:00:00,22.6
2013-03-27 0:00:00,22.66
2013-03-26 0:00:00,22.57
2013-03-25 0:00:00,22.58
2013-03-22 0:00:00,22.42
2013-03-21 0:00:00,22.559999
2013-03-20 0:00:00,22.559999
2013-03-19 0:00:00,22.610001
2013-03-18 0:00:00,22.540001
2013-03-15 0:00:00,22.4
2013-03-14 0:00:00,22.5
2013-03-13 0:00:00,22.59
2013-03-12 0:00:00,22.5
2013-03-11 0:00:00,22.51
2013-03-08 0:00:00,22.559999
2013-03-07 0:00:00,22.389999
2013-03-06 0:00:00,22.49
2013-03-05 0:00:00,22.4
2013-03-04 0:00:00,22.43
2013-03-01 0:00:00,22.440001
2013-02-28 0:00:00,22.370001
2013-02-27 0:00:00,22.25
2013-02-26 0:00:00,22.34
2013-02-25 0:00:00,22.32
2013-02-22 0:00:00,22.23
2013-02-21 0:00:00,22.219999
2013-02-20 0:00:00,22.129999
2013-02-19 0:00:00,21.969999
2013-02-15 0:00:00,21.959999
2013-02-14 0:00:00,21.940001
2013-02-13 0:00:00,21.879999
2013-02-12 0:00:00,21.870001
2013-02-11 0:00:00,21.92
2013-02-08 0:00:00,21.9
2013-02-07 0:00:00,21.889999
2013-02-06 0:00:00,21.77
2013-02-05 0:00:00,21.700001
2013-02-04 0:00:00,21.709999
2013-02-01 0:00:00,21.6
2013-01-31 0:00:00,21.620001
2013-01-30 0:00:00,21.639999
2013-01-29 0:00:00,21.73
2013-01-28 0:00:00,21.790001
2013-01-25 0:00:00,21.780001
2013-01-24 0:00:00,21.83
2013-01-23 0:00:00,21.83
2013-01-22 0:00:00,21.83
2013-01-18 0:00:00,21.85
2013-01-17 0:00:00,21.75
2013-01-16 0:00:00,21.790001
2013-01-15 0:00:00,21.77
2013-01-14 0:00:00,21.709999
2013-01-11 0:00:00,21.74
2013-01-10 0:00:00,21.799999
2013-01-09 0:00:00,22.02
2013-01-08 0:00:00,21.950001
2013-01-07 0:00:00,21.92
2013-01-04 0:00:00,21.99
2013-01-03 0:00:00,21.99
2013-01-02 0:00:00,21.82
2012-12-31 0:00:00,21.809999
2012-12-28 0:00:00,21.780001
2012-12-27 0:00:00,21.76
2012-12-26 0:00:00,21.76
2012-12-24 0:00:00,21.76
2012-12-21 0:00:00,21.76
2012-12-20 0:00:00,21.65
2012-12-19 0:00:00,21.67
2012-12-18 0:00:00,21.68
2012-12-17 0:00:00,21.75
2012-12-14 0:00:00,21.75
2012-12-13 0:00:00,21.860001
2012-12-12 0:00:00,21.84
2012-12-11 0:00:00,21.879999
2012-12-10 0:00:00,21.959999
2012-12-07 0:00:00,21.99
2012-12-06 0:00:00,21.950001
2012-12-05 0:00:00,21.83
2012-12-04 0:00:00,21.780001
2012-12-03 0:00:00,21.85
2012-11-30 0:00:00,21.92
2012-11-29 0:00:00,21.940001
2012-11-28 0:00:00,21.969999
2012-11-27 0:00:00,22.01
2012-11-26 0:00:00,21.940001
2012-11-23 0:00:00,21.93
2012-11-21 0:00:00,22.139999
2012-11-20 0:00:00,22.129999
2012-11-19 0:00:00,22.139999
2012-11-16 0:00:00,22.24
2012-11-15 0:00:00,22.200001
2012-11-14 0:00:00,22.200001
2012-11-13 0:00:00,22.209999
2012-11-12 0:00:00,22.190001
2012-11-09 0:00:00,22.18
2012-11-08 0:00:00,22.129999
2012-11-07 0:00:00,22.129999
2012-11-06 0:00:00,22.09
2012-11-05 0:00:00,22.120001
2012-11-02 0:00:00,22.07
2012-11-01 0:00:00,21.92
2012-10-31 0:00:00,21.889999
2012-10-26 0:00:00,21.93
2012-10-25 0:00:00,21.93
2012-10-24 0:00:00,21.91
2012-10-23 0:00:00,21.91
2012-10-22 0:00:00,21.809999
2012-10-19 0:00:00,21.809999
2012-10-18 0:00:00,21.73
2012-10-17 0:00:00,21.639999
2012-10-16 0:00:00,21.75
2012-10-15 0:00:00,21.84
2012-10-12 0:00:00,21.83
2012-10-11 0:00:00,21.860001
2012-10-10 0:00:00,21.9
2012-10-09 0:00:00,21.950001
2012-10-08 0:00:00,21.809999
2012-10-05 0:00:00,21.76
2012-10-04 0:00:00,21.76
2012-10-03 0:00:00,21.91
2012-10-02 0:00:00,21.85
2012-10-01 0:00:00,21.870001
2012-09-28 0:00:00,21.92
2012-09-27 0:00:00,21.82
2012-09-26 0:00:00,21.879999
2012-09-25 0:00:00,21.84
2012-09-24 0:00:00,21.799999
2012-09-21 0:00:00,21.75
2012-09-20 0:00:00,21.77
2012-09-19 0:00:00,21.67
2012-09-18 0:00:00,21.74
2012-09-17 0:00:00,21.67
2012-09-14 0:00:00,21.639999
2012-09-13 0:00:00,21.75
2012-09-12 0:00:00,21.889999
2012-09-11 0:00:00,21.91
2012-09-10 0:00:00,22.08
2012-09-07 0:00:00,22.01
2012-09-06 0:00:00,22.25
2012-09-05 0:00:00,22.309999
2012-09-04 0:00:00,22.33
2012-08-31 0:00:00,22.299999
2012-08-30 0:00:00,22.440001
2012-08-29 0:00:00,22.389999
2012-08-28 0:00:00,22.35
2012-08-27 0:00:00,22.440001
2012-08-24 0:00:00,22.42
2012-08-23 0:00:00,22.35
2012-08-22 0:00:00,22.389999
2012-08-21 0:00:00,22.5
2012-08-20 0:00:00,22.65
2012-08-17 0:00:00,22.68
2012-08-16 0:00:00,22.639999
2012-08-15 0:00:00,22.719999
2012-08-14 0:00:00,22.66
2012-08-13 0:00:00,22.65
2012-08-10 0:00:00,22.68
2012-08-09 0:00:00,22.719999
2012-08-08 0:00:00,22.639999
2012-08-07 0:00:00,22.6
2012-08-06 0:00:00,22.6
2012-08-03 0:00:00,22.629999
2012-08-02 0:00:00,22.91
2012-08-01 0:00:00,22.870001
2012-07-31 0:00:00,22.709999
2012-07-30 0:00:00,22.77
2012-07-27 0:00:00,22.74
2012-07-26 0:00:00,22.75
2012-07-25 0:00:00,22.98
2012-07-24 0:00:00,23.1
2012-07-23 0:00:00,23.01
2012-07-20 0:00:00,22.98
2012-07-19 0:00:00,22.809999
2012-07-18 0:00:00,22.82
2012-07-17 0:00:00,22.84
2012-07-16 0:00:00,22.860001
2012-07-13 0:00:00,22.93
2012-07-12 0:00:00,23.030001
2012-07-11 0:00:00,22.98
2012-07-10 0:00:00,22.959999
2012-07-09 0:00:00,22.879999
2012-07-06 0:00:00,22.950001
2012-07-05 0:00:00,22.799999
2012-07-03 0:00:00,22.5
2012-07-02 0:00:00,22.52
2012-06-29 0:00:00,22.469999
2012-06-28 0:00:00,22.780001
2012-06-27 0:00:00,22.75
2012-06-26 0:00:00,22.68
2012-06-25 0:00:00,22.719999
2012-06-22 0:00:00,22.65
2012-06-21 0:00:00,22.700001
2012-06-20 0:00:00,22.459999
2012-06-19 0:00:00,22.43
2012-06-18 0:00:00,22.6
2012-06-15 0:00:00,22.5
2012-06-14 0:00:00,22.6
2012-06-13 0:00:00,22.690001
2012-06-12 0:00:00,22.76
2012-06-11 0:00:00,22.84
2012-06-08 0:00:00,22.809999
2012-06-07 0:00:00,22.74
2012-06-06 0:00:00,22.709999
2012-06-05 0:00:00,22.9
2012-06-04 0:00:00,22.82
2012-06-01 0:00:00,22.92
2012-05-31 0:00:00,22.99
2012-05-30 0:00:00,22.98
2012-05-29 0:00:00,22.799999
2012-05-25 0:00:00,22.82
2012-05-24 0:00:00,22.790001
2012-05-23 0:00:00,22.700001
2012-05-22 0:00:00,22.620001
2012-05-21 0:00:00,22.389999
2012-05-18 0:00:00,22.459999
2012-05-17 0:00:00,22.549999
2012-05-16 0:00:00,22.57
2012-05-15 0:00:00,22.52
2012-05-14 0:00:00,22.34
2012-05-11 0:00:00,22.24
2012-05-10 0:00:00,22.200001
2012-05-09 0:00:00,22.18
2012-05-08 0:00:00,22.09
2012-05-07 0:00:00,22.040001
2012-05-04 0:00:00,22.01
2012-05-03 0:00:00,21.92
2012-05-02 0:00:00,21.9
2012-05-01 0:00:00,21.83
2012-04-30 0:00:00,21.809999
2012-04-27 0:00:00,21.82
2012-04-26 0:00:00,21.860001
2012-04-25 0:00:00,21.889999
2012-04-24 0:00:00,21.940001
2012-04-23 0:00:00,22
2012-04-20 0:00:00,21.93
2012-04-19 0:00:00,22.049999
2012-04-18 0:00:00,22.059999
2012-04-17 0:00:00,22.059999
2012-04-16 0:00:00,22.07
2012-04-13 0:00:00,22.16
2012-04-12 0:00:00,21.98
2012-04-11 0:00:00,22.129999
2012-04-10 0:00:00,22.16
2012-04-09 0:00:00,22.129999
2012-04-05 0:00:00,22.200001
2012-04-04 0:00:00,22.129999
2012-04-03 0:00:00,22.02
2012-04-02 0:00:00,21.860001
2012-03-30 0:00:00,21.91
2012-03-29 0:00:00,21.940001
2012-03-28 0:00:00,21.950001
2012-03-27 0:00:00,21.959999
2012-03-26 0:00:00,21.879999
2012-03-23 0:00:00,22.02
2012-03-22 0:00:00,22.139999
2012-03-21 0:00:00,22.110001
2012-03-20 0:00:00,22.1
2012-03-19 0:00:00,22.059999
2012-03-16 0:00:00,22.18
2012-03-15 0:00:00,22.33
2012-03-14 0:00:00,22.42
2012-03-13 0:00:00,22.299999
2012-03-12 0:00:00,22.23
2012-03-09 0:00:00,22.26
2012-03-08 0:00:00,22.049999
2012-03-07 0:00:00,22.200001
2012-03-06 0:00:00,22.23
2012-03-05 0:00:00,22.09
2012-03-02 0:00:00,22.110001
2012-03-01 0:00:00,21.959999
2012-02-29 0:00:00,21.959999
2012-02-28 0:00:00,21.780001
2012-02-27 0:00:00,21.879999
2012-02-24 0:00:00,21.809999
2012-02-23 0:00:00,21.9
2012-02-22 0:00:00,22.07
2012-02-21 0:00:00,22.040001
2012-02-17 0:00:00,22.129999
2012-02-16 0:00:00,22.129999
2012-02-15 0:00:00,22.209999
2012-02-14 0:00:00,22.139999
2012-02-13 0:00:00,22.030001
2012-02-10 0:00:00,22.059999
2012-02-09 0:00:00,21.92
2012-02-08 0:00:00,21.91
2012-02-07 0:00:00,21.889999
2012-02-06 0:00:00,22.040001
2012-02-03 0:00:00,22.030001
2012-02-02 0:00:00,22.030001
2012-02-01 0:00:00,22.02
2012-01-31 0:00:00,22.120001
2012-01-30 0:00:00,22.07
2012-01-27 0:00:00,21.99
2012-01-26 0:00:00,22.15
2012-01-25 0:00:00,22.17
2012-01-24 0:00:00,22.27
2012-01-23 0:00:00,22.24
2012-01-20 0:00:00,22.370001
2012-01-19 0:00:00,22.35
2012-01-18 0:00:00,22.469999
2012-01-17 0:00:00,22.67
2012-01-13 0:00:00,22.75
2012-01-12 0:00:00,22.57
2012-01-11 0:00:00,22.719999
2012-01-10 0:00:00,22.620001
2012-01-09 0:00:00,22.639999
2012-01-06 0:00:00,22.719999
2012-01-05 0:00:00,22.639999
2012-01-04 0:00:00,22.4
2012-01-03 0:00:00,22.280001
2011-12-30 0:00:00,22.469999
2011-12-29 0:00:00,22.51
2011-12-28 0:00:00,22.549999
2011-12-27 0:00:00,22.34
2011-12-23 0:00:00,22.389999
2011-12-22 0:00:00,22.379999
2011-12-21 0:00:00,22.379999
2011-12-20 0:00:00,22.379999
2011-12-19 0:00:00,22.57
2011-12-16 0:00:00,22.49
2011-12-15 0:00:00,22.559999
2011-12-14 0:00:00,22.620001
2011-12-13 0:00:00,22.57
2011-12-12 0:00:00,22.35
2011-12-09 0:00:00,22.120001
2011-12-08 0:00:00,22.190001
2011-12-07 0:00:00,22.07
2011-12-06 0:00:00,22.1
2011-12-05 0:00:00,22.120001
2011-12-02 0:00:00,22.120001
2011-12-01 0:00:00,22.049999
2011-11-30 0:00:00,22.059999
2011-11-29 0:00:00,22.25
2011-11-28 0:00:00,22.33
2011-11-25 0:00:00,22.42
2011-11-23 0:00:00,22.290001
2011-11-22 0:00:00,22.040001
2011-11-21 0:00:00,22.049999
2011-11-18 0:00:00,22.01
2011-11-17 0:00:00,22.07
2011-11-16 0:00:00,22.040001
2011-11-15 0:00:00,21.969999
2011-11-14 0:00:00,21.84
2011-11-11 0:00:00,21.690001
2011-11-10 0:00:00,21.91
2011-11-09 0:00:00,21.969999
2011-11-08 0:00:00,21.59
2011-11-07 0:00:00,21.690001
2011-11-04 0:00:00,21.709999
2011-11-03 0:00:00,21.65
2011-11-02 0:00:00,21.75
2011-11-01 0:00:00,21.799999
2011-10-31 0:00:00,21.57
2011-10-28 0:00:00,21.16
2011-10-27 0:00:00,21.15
2011-10-26 0:00:00,21.51
2011-10-25 0:00:00,21.51
2011-10-24 0:00:00,21.49
2011-10-21 0:00:00,21.540001
2011-10-20 0:00:00,21.74
2011-10-19 0:00:00,21.780001
2011-10-18 0:00:00,21.76
2011-10-17 0:00:00,21.790001
2011-10-14 0:00:00,21.65
2011-10-13 0:00:00,21.75
2011-10-12 0:00:00,21.76
2011-10-11 0:00:00,21.9
2011-10-10 0:00:00,21.92
2011-10-07 0:00:00,22.27
2011-10-06 0:00:00,22.209999
2011-10-05 0:00:00,22.35
2011-10-04 0:00:00,22.42
2011-10-03 0:00:00,22.51
2011-09-30 0:00:00,22.309999
2011-09-29 0:00:00,22.08
2011-09-28 0:00:00,22.129999
2011-09-27 0:00:00,22.049999
2011-09-26 0:00:00,22.18
2011-09-23 0:00:00,22.200001
2011-09-22 0:00:00,22.26
2011-09-21 0:00:00,22.030001
2011-09-20 0:00:00,21.860001
2011-09-19 0:00:00,21.860001
2011-09-16 0:00:00,21.74
2011-09-15 0:00:00,21.66
2011-09-14 0:00:00,21.790001
2011-09-13 0:00:00,21.85
2011-09-12 0:00:00,21.92
2011-09-09 0:00:00,21.91
2011-09-08 0:00:00,21.65
2011-09-07 0:00:00,21.43
2011-09-06 0:00:00,21.549999
2011-09-02 0:00:00,21.219999
2011-09-01 0:00:00,21.16
2011-08-31 0:00:00,21.07
2011-08-30 0:00:00,21.01
2011-08-29 0:00:00,20.93
2011-08-26 0:00:00,20.959999
2011-08-25 0:00:00,21.08
2011-08-24 0:00:00,21.02
2011-08-23 0:00:00,20.98
2011-08-22 0:00:00,21.07
2011-08-19 0:00:00,21.030001
2011-08-18 0:00:00,21.08
2011-08-17 0:00:00,20.959999
2011-08-16 0:00:00,21.01
2011-08-15 0:00:00,21
2011-08-12 0:00:00,21.219999
2011-08-11 0:00:00,21.219999
2011-08-10 0:00:00,21.25
2011-08-09 0:00:00,21.07
2011-08-08 0:00:00,21.25
2011-08-05 0:00:00,21.219999
2011-08-04 0:00:00,21.4
2011-08-03 0:00:00,21.07
2011-08-02 0:00:00,21.17
2011-08-01 0:00:00,21.139999
2011-07-29 0:00:00,21.030001
2011-07-28 0:00:00,21.129999
2011-07-27 0:00:00,21.09
2011-07-26 0:00:00,20.93
2011-07-25 0:00:00,21.110001
2011-07-22 0:00:00,21.129999
2011-07-21 0:00:00,21.129999
2011-07-20 0:00:00,21.33
2011-07-19 0:00:00,21.43
2011-07-18 0:00:00,21.48
2011-07-15 0:00:00,21.43
2011-07-14 0:00:00,21.469999
2011-07-13 0:00:00,21.469999
2011-07-12 0:00:00,21.700001
2011-07-11 0:00:00,21.709999
2011-07-08 0:00:00,21.42
2011-07-07 0:00:00,21.370001
2011-07-06 0:00:00,21.41
2011-07-05 0:00:00,21.280001
2011-07-01 0:00:00,21.200001
2011-06-30 0:00:00,21.219999
2011-06-29 0:00:00,21.32
2011-06-28 0:00:00,21.450001
2011-06-27 0:00:00,21.530001
2011-06-24 0:00:00,21.629999
2011-06-23 0:00:00,21.5
2011-06-22 0:00:00,21.389999
2011-06-21 0:00:00,21.309999
2011-06-20 0:00:00,21.450001
2011-06-17 0:00:00,21.450001
2011-06-16 0:00:00,21.59
2011-06-15 0:00:00,21.6
2011-06-14 0:00:00,21.26
2011-06-13 0:00:00,21.290001
2011-06-10 0:00:00,21.4
2011-06-09 0:00:00,21.200001
2011-06-08 0:00:00,21.129999
2011-06-07 0:00:00,21.030001
2011-06-06 0:00:00,21.15
2011-06-03 0:00:00,21.09
2011-06-02 0:00:00,21.25
2011-06-01 0:00:00,21.389999
2011-05-31 0:00:00,21.34
2011-05-27 0:00:00,21.440001
2011-05-26 0:00:00,21.620001
2011-05-25 0:00:00,21.709999
2011-05-24 0:00:00,21.73
2011-05-23 0:00:00,21.790001
2011-05-20 0:00:00,21.65
2011-05-19 0:00:00,21.5
2011-05-18 0:00:00,21.59
2011-05-17 0:00:00,21.6
2011-05-16 0:00:00,21.620001
2011-05-13 0:00:00,21.690001
2011-05-12 0:00:00,21.540001
2011-05-11 0:00:00,21.58
2011-05-10 0:00:00,21.379999
2011-05-09 0:00:00,21.4
2011-05-06 0:00:00,21.43
2011-05-05 0:00:00,21.27
2011-05-04 0:00:00,20.959999
2011-05-03 0:00:00,20.969999
2011-05-02 0:00:00,20.969999
2011-04-29 0:00:00,20.950001
2011-04-28 0:00:00,20.959999
2011-04-27 0:00:00,21.02
2011-04-26 0:00:00,21.16
2011-04-25 0:00:00,21.209999
2011-04-21 0:00:00,21.24
2011-04-20 0:00:00,21.32
2011-04-19 0:00:00,21.530001
2011-04-18 0:00:00,21.66
2011-04-15 0:00:00,21.459999
2011-04-14 0:00:00,21.42
2011-04-13 0:00:00,21.5
2011-04-12 0:00:00,21.48
2011-04-11 0:00:00,21.530001
2011-04-08 0:00:00,21.5
2011-04-07 0:00:00,21.67
2011-04-06 0:00:00,21.66
2011-04-05 0:00:00,21.780001
2011-04-04 0:00:00,21.77
2011-04-01 0:00:00,21.77
2011-03-31 0:00:00,21.790001
2011-03-30 0:00:00,21.83
2011-03-29 0:00:00,21.85
2011-03-28 0:00:00,21.860001
2011-03-25 0:00:00,21.879999
2011-03-24 0:00:00,21.73
2011-03-23 0:00:00,21.780001
2011-03-22 0:00:00,21.66
2011-03-21 0:00:00,21.65
2011-03-18 0:00:00,21.719999
2011-03-17 0:00:00,21.82
2011-03-16 0:00:00,22.01
2011-03-15 0:00:00,21.940001
2011-03-14 0:00:00,21.92
2011-03-11 0:00:00,22.030001
2011-03-10 0:00:00,22.190001
2011-03-09 0:00:00,22.02
2011-03-08 0:00:00,22.059999
2011-03-07 0:00:00,21.959999
2011-03-04 0:00:00,21.940001
2011-03-03 0:00:00,21.969999
2011-03-02 0:00:00,22
2011-03-01 0:00:00,22.120001
2011-02-28 0:00:00,22.09
2011-02-25 0:00:00,22.190001
2011-02-24 0:00:00,22.15
2011-02-23 0:00:00,22.23
2011-02-22 0:00:00,22.360001
2011-02-18 0:00:00,22.299999
2011-02-17 0:00:00,22.41
2011-02-16 0:00:00,22.469999
2011-02-15 0:00:00,22.6
2011-02-14 0:00:00,22.58
2011-02-11 0:00:00,22.549999
2011-02-10 0:00:00,22.49
2011-02-09 0:00:00,22.309999
2011-02-08 0:00:00,22.41
2011-02-07 0:00:00,22.43
2011-02-04 0:00:00,22.43
2011-02-03 0:00:00,22.360001
2011-02-02 0:00:00,22.18
2011-02-01 0:00:00,22.139999
2011-01-31 0:00:00,22.360001
2011-01-28 0:00:00,22.49
2011-01-27 0:00:00,22.35
2011-01-26 0:00:00,22.389999
2011-01-25 0:00:00,22.43
2011-01-24 0:00:00,22.440001
2011-01-21 0:00:00,22.49
2011-01-20 0:00:00,22.68
2011-01-19 0:00:00,22.610001
2011-01-18 0:00:00,22.75
2011-01-14 0:00:00,22.77
2011-01-13 0:00:00,22.799999
2011-01-12 0:00:00,23.040001
2011-01-11 0:00:00,23.27
2011-01-10 0:00:00,23.280001
2011-01-07 0:00:00,23.360001
2011-01-06 0:00:00,23.290001
2011-01-05 0:00:00,23.110001
2011-01-04 0:00:00,22.879999
2011-01-03 0:00:00,22.82
2010-12-31 0:00:00,22.709999
2010-12-30 0:00:00,22.92
2010-12-29 0:00:00,23
2010-12-28 0:00:00,23.16
2010-12-27 0:00:00,23.15
2010-12-23 0:00:00,23.200001
2010-12-22 0:00:00,23.27
2010-12-21 0:00:00,23.290001
2010-12-20 0:00:00,23.24
2010-12-17 0:00:00,23.190001
2010-12-16 0:00:00,23.09
2010-12-15 0:00:00,23.15
2010-12-14 0:00:00,22.91
2010-12-13 0:00:00,22.870001
2010-12-10 0:00:00,23.120001
2010-12-09 0:00:00,23.120001
2010-12-08 0:00:00,23.1
2010-12-07 0:00:00,23.09
2010-12-06 0:00:00,22.99
2010-12-03 0:00:00,22.879999
2010-12-02 0:00:00,23.16
2010-12-01 0:00:00,23.299999
2010-11-30 0:00:00,23.5
2010-11-29 0:00:00,23.35
2010-11-26 0:00:00,23.209999
2010-11-24 0:00:00,23.07
2010-11-23 0:00:00,23.040001
2010-11-22 0:00:00,22.74
2010-11-19 0:00:00,22.67
2010-11-18 0:00:00,22.74
2010-11-17 0:00:00,22.9
2010-11-16 0:00:00,22.92
2010-11-15 0:00:00,22.790001
2010-11-12 0:00:00,22.610001
2010-11-11 0:00:00,22.639999
2010-11-10 0:00:00,22.48
2010-11-09 0:00:00,22.5
2010-11-08 0:00:00,22.309999
2010-11-05 0:00:00,22.18
2010-11-04 0:00:00,21.969999
2010-11-03 0:00:00,22.139999
2010-11-02 0:00:00,22.25
2010-11-01 0:00:00,22.41
2010-10-29 0:00:00,22.370001
2010-10-28 0:00:00,22.41
2010-10-27 0:00:00,22.65
2010-10-26 0:00:00,22.52
2010-10-25 0:00:00,22.370001
2010-10-22 0:00:00,22.469999
2010-10-21 0:00:00,22.469999
2010-10-20 0:00:00,22.389999
2010-10-19 0:00:00,22.700001
2010-10-18 0:00:00,22.32
2010-10-15 0:00:00,22.34
2010-10-14 0:00:00,22.209999
2010-10-13 0:00:00,22.360001
2010-10-12 0:00:00,22.42
2010-10-11 0:00:00,22.49
2010-10-08 0:00:00,22.4
2010-10-07 0:00:00,22.48
2010-10-06 0:00:00,22.450001
2010-10-05 0:00:00,22.559999
2010-10-04 0:00:00,22.75
2010-10-01 0:00:00,22.65
2010-09-30 0:00:00,22.84
2010-09-29 0:00:00,22.84
2010-09-28 0:00:00,22.879999
2010-09-27 0:00:00,23
2010-09-24 0:00:00,22.969999
2010-09-23 0:00:00,23.209999
2010-09-22 0:00:00,23.139999
2010-09-21 0:00:00,23.309999
2010-09-20 0:00:00,23.57
2010-09-17 0:00:00,23.6
2010-09-16 0:00:00,23.540001
2010-09-15 0:00:00,23.620001
2010-09-14 0:00:00,23.52
2010-09-13 0:00:00,23.719999
2010-09-10 0:00:00,23.98
2010-09-09 0:00:00,23.959999
2010-09-08 0:00:00,23.959999
2010-09-07 0:00:00,24.040001
2010-09-03 0:00:00,23.790001
2010-09-02 0:00:00,23.91
2010-09-01 0:00:00,23.93
2010-08-31 0:00:00,24.120001
2010-08-30 0:00:00,24.139999
2010-08-27 0:00:00,24.07
2010-08-26 0:00:00,24.030001
2010-08-25 0:00:00,24.18
2010-08-24 0:00:00,24.139999
2010-08-23 0:00:00,24.18
2010-08-20 0:00:00,24.129999
2010-08-19 0:00:00,23.959999
2010-08-18 0:00:00,23.91
2010-08-17 0:00:00,23.879999
2010-08-16 0:00:00,23.959999
2010-08-13 0:00:00,24.110001
2010-08-12 0:00:00,24.01
2010-08-11 0:00:00,23.93
2010-08-10 0:00:00,23.52
2010-08-09 0:00:00,23.469999
2010-08-06 0:00:00,23.35
2010-08-05 0:00:00,23.469999
2010-08-04 0:00:00,23.549999
2010-08-03 0:00:00,23.42
2010-08-02 0:00:00,23.52
2010-07-30 0:00:00,23.74
2010-07-29 0:00:00,23.73
2010-07-28 0:00:00,23.889999
2010-07-27 0:00:00,23.9
2010-07-26 0:00:00,23.860001
2010-07-23 0:00:00,23.99
2010-07-22 0:00:00,24.030001
2010-07-21 0:00:00,24.23
2010-07-20 0:00:00,24.07
2010-07-19 0:00:00,24.030001
2010-07-16 0:00:00,24.01
2010-07-15 0:00:00,23.969999
2010-07-14 0:00:00,24.25
2010-07-13 0:00:00,24.299999
2010-07-12 0:00:00,24.51
2010-07-09 0:00:00,24.440001
2010-07-08 0:00:00,24.379999
2010-07-07 0:00:00,24.41
2010-07-06 0:00:00,24.49
2010-07-02 0:00:00,24.57
2010-07-01 0:00:00,24.6
2010-06-30 0:00:00,25.059999
2010-06-29 0:00:00,25.08
2010-06-28 0:00:00,24.959999
2010-06-25 0:00:00,24.83
2010-06-24 0:00:00,24.969999
2010-06-23 0:00:00,24.969999
2010-06-22 0:00:00,25.07
2010-06-21 0:00:00,25.030001
2010-06-18 0:00:00,24.940001
2010-06-17 0:00:00,24.950001
2010-06-16 0:00:00,25.1
2010-06-15 0:00:00,25.02
2010-06-14 0:00:00,25.23
2010-06-11 0:00:00,25.459999
2010-06-10 0:00:00,25.379999
2010-06-09 0:00:00,25.65
2010-06-08 0:00:00,25.75
2010-06-07 0:00:00,25.83
2010-06-04 0:00:00,25.77
2010-06-03 0:00:00,25.469999
2010-06-02 0:00:00,25.34
2010-06-01 0:00:00,25.35
2010-05-28 0:00:00,25.34
2010-05-27 0:00:00,25.200001
2010-05-26 0:00:00,25.469999
2010-05-25 0:00:00,25.299999
2010-05-24 0:00:00,25.23
2010-05-21 0:00:00,24.98
2010-05-20 0:00:00,25.09
2010-05-19 0:00:00,25.219999
2010-05-18 0:00:00,25.459999
2010-05-17 0:00:00,25.190001
2010-05-14 0:00:00,25.190001
2010-05-13 0:00:00,24.959999
2010-05-12 0:00:00,24.82
2010-05-11 0:00:00,24.75
2010-05-10 0:00:00,24.639999
2010-05-07 0:00:00,24.700001
2010-05-06 0:00:00,24.809999
2010-05-05 0:00:00,24.610001
2010-05-04 0:00:00,24.379999
2010-05-03 0:00:00,24.110001
2010-04-30 0:00:00,23.959999
2010-04-29 0:00:00,24
2010-04-28 0:00:00,24.110001
2010-04-27 0:00:00,24.120001
2010-04-26 0:00:00,23.83
2010-04-23 0:00:00,23.84
2010-04-22 0:00:00,23.889999
2010-04-21 0:00:00,23.780001
2010-04-20 0:00:00,23.73
2010-04-19 0:00:00,23.690001
2010-04-16 0:00:00,23.65
2010-04-15 0:00:00,23.57
2010-04-14 0:00:00,23.48
2010-04-13 0:00:00,23.6
2010-04-12 0:00:00,23.6
2010-04-09 0:00:00,23.700001
2010-04-08 0:00:00,23.879999
2010-04-07 0:00:00,23.9
2010-04-06 0:00:00,23.85
2010-04-05 0:00:00,23.780001
2010-04-01 0:00:00,23.66
2010-03-31 0:00:00,23.799999
2010-03-30 0:00:00,23.93
2010-03-29 0:00:00,23.84
2010-03-26 0:00:00,23.959999
2010-03-25 0:00:00,24.129999
2010-03-24 0:00:00,24.049999
2010-03-23 0:00:00,23.73
2010-03-22 0:00:00,23.65
2010-03-19 0:00:00,23.709999
2010-03-18 0:00:00,23.549999
2010-03-17 0:00:00,23.389999
2010-03-16 0:00:00,23.379999
2010-03-15 0:00:00,23.549999
2010-03-12 0:00:00,23.42
2010-03-11 0:00:00,23.57
2010-03-10 0:00:00,23.620001
2010-03-09 0:00:00,23.66
2010-03-08 0:00:00,23.620001
2010-03-05 0:00:00,23.629999
2010-03-04 0:00:00,23.639999
2010-03-03 0:00:00,23.51
2010-03-02 0:00:00,23.65
2010-03-01 0:00:00,23.719999
2010-02-26 0:00:00,23.639999
2010-02-25 0:00:00,23.709999
2010-02-24 0:00:00,23.76
2010-02-23 0:00:00,23.809999
2010-02-22 0:00:00,23.68
2010-02-19 0:00:00,23.719999
2010-02-18 0:00:00,23.65
2010-02-17 0:00:00,23.65
2010-02-16 0:00:00,23.43
2010-02-12 0:00:00,23.629999
2010-02-11 0:00:00,23.549999
2010-02-10 0:00:00,23.559999
2010-02-09 0:00:00,23.49
2010-02-08 0:00:00,23.639999
2010-02-05 0:00:00,23.65
2010-02-04 0:00:00,23.549999
2010-02-03 0:00:00,23.4
2010-02-02 0:00:00,23.27
2010-02-01 0:00:00,23.35
2010-01-29 0:00:00,23.450001
2010-01-28 0:00:00,23.27
2010-01-27 0:00:00,23.23
2010-01-26 0:00:00,23.15
2010-01-25 0:00:00,23.049999
2010-01-22 0:00:00,23.08
2010-01-21 0:00:00,23.120001
2010-01-20 0:00:00,23.120001
2010-01-19 0:00:00,22.84
2010-01-15 0:00:00,22.77
2010-01-14 0:00:00,22.639999
2010-01-13 0:00:00,22.700001
2010-01-12 0:00:00,22.719999
2010-01-11 0:00:00,22.719999
2010-01-08 0:00:00,22.84
2010-01-07 0:00:00,23
2010-01-06 0:00:00,22.85
2010-01-05 0:00:00,22.91
2010-01-04 0:00:00,22.92
2009-12-31 0:00:00,23.08
2009-12-30 0:00:00,23.040001
2009-12-29 0:00:00,23.040001
2009-12-28 0:00:00,22.969999
2009-12-24 0:00:00,23.030001
2009-12-23 0:00:00,23.030001
2009-12-22 0:00:00,23.16
2009-12-21 0:00:00,23.08
2009-12-18 0:00:00,23.01
2009-12-17 0:00:00,23.01
2009-12-16 0:00:00,22.77
2009-12-15 0:00:00,22.790001
2009-12-14 0:00:00,22.629999
2009-12-11 0:00:00,22.68
2009-12-10 0:00:00,22.5
2009-12-09 0:00:00,22.5
2009-12-08 0:00:00,22.59
2009-12-07 0:00:00,22.48
2009-12-04 0:00:00,22.48
2009-12-03 0:00:00,22.15
2009-12-02 0:00:00,22.139999
2009-12-01 0:00:00,22.07
2009-11-30 0:00:00,22.17
2009-11-27 0:00:00,22.26
2009-11-25 0:00:00,22.030001
2009-11-24 0:00:00,22.290001
2009-11-23 0:00:00,22.27
2009-11-20 0:00:00,22.440001
2009-11-19 0:00:00,22.35
2009-11-18 0:00:00,22.280001
2009-11-17 0:00:00,22.360001
2009-11-16 0:00:00,22.219999
2009-11-13 0:00:00,22.32
2009-11-12 0:00:00,22.799999
2009-11-11 0:00:00,22.48
2009-11-10 0:00:00,22.440001
2009-11-09 0:00:00,22.540001
2009-11-06 0:00:00,22.83
2009-11-05 0:00:00,22.940001
2009-11-04 0:00:00,22.51
2009-11-03 0:00:00,22.68
2009-11-02 0:00:00,22.620001
2009-10-30 0:00:00,22.700001
2009-10-29 0:00:00,22.57
2009-10-28 0:00:00,22.73
2009-10-27 0:00:00,22.639999
2009-10-26 0:00:00,22.58
2009-10-23 0:00:00,22.43
2009-10-22 0:00:00,22.309999
2009-10-21 0:00:00,22.32
2009-10-20 0:00:00,22.459999
2009-10-19 0:00:00,22.360001
2009-10-16 0:00:00,22.469999
2009-10-15 0:00:00,22.41
2009-10-14 0:00:00,22.4
2009-10-13 0:00:00,22.57
2009-10-12 0:00:00,22.620001
2009-10-09 0:00:00,22.719999
2009-10-08 0:00:00,22.540001
2009-10-07 0:00:00,22.690001
2009-10-06 0:00:00,22.67
2009-10-05 0:00:00,22.77
2009-10-02 0:00:00,22.9
2009-10-01 0:00:00,22.950001
2009-09-30 0:00:00,22.790001
2009-09-29 0:00:00,22.92
2009-09-28 0:00:00,22.879999
2009-09-25 0:00:00,22.809999
2009-09-24 0:00:00,22.870001
2009-09-23 0:00:00,22.700001
2009-09-22 0:00:00,22.6
2009-09-21 0:00:00,22.84
2009-09-18 0:00:00,22.76
2009-09-17 0:00:00,22.68
2009-09-16 0:00:00,22.639999
2009-09-15 0:00:00,22.709999
2009-09-14 0:00:00,22.790001
2009-09-11 0:00:00,22.809999
2009-09-10 0:00:00,22.860001
2009-09-09 0:00:00,22.91
2009-09-08 0:00:00,22.99
2009-09-04 0:00:00,23.25
2009-09-03 0:00:00,23.34
2009-09-02 0:00:00,23.32
2009-09-01 0:00:00,23.41
2009-08-31 0:00:00,23.26
2009-08-28 0:00:00,23.280001
2009-08-27 0:00:00,23.24
2009-08-26 0:00:00,23.370001
2009-08-25 0:00:00,23.280001
2009-08-24 0:00:00,23.280001
2009-08-21 0:00:00,23.23
2009-08-20 0:00:00,23.309999
2009-08-19 0:00:00,23.379999
2009-08-18 0:00:00,23.530001
2009-08-17 0:00:00,23.59
2009-08-14 0:00:00,23.450001
2009-08-13 0:00:00,23.360001
2009-08-12 0:00:00,23.469999
2009-08-11 0:00:00,23.58
2009-08-10 0:00:00,23.559999
2009-08-07 0:00:00,23.48
2009-08-06 0:00:00,23.209999
2009-08-05 0:00:00,23.1
2009-08-04 0:00:00,23.129999
2009-08-03 0:00:00,23.129999
2009-07-31 0:00:00,23.32
2009-07-30 0:00:00,23.629999
2009-07-29 0:00:00,23.66
2009-07-28 0:00:00,23.49
2009-07-27 0:00:00,23.42
2009-07-24 0:00:00,23.440001
2009-07-23 0:00:00,23.469999
2009-07-22 0:00:00,23.469999
2009-07-21 0:00:00,23.51
2009-07-20 0:00:00,23.5
2009-07-17 0:00:00,23.66
2009-07-16 0:00:00,23.610001
2009-07-15 0:00:00,23.629999
2009-07-14 0:00:00,23.860001
2009-07-13 0:00:00,23.84
2009-07-10 0:00:00,23.879999
2009-07-09 0:00:00,23.82
2009-07-08 0:00:00,24.02
2009-07-07 0:00:00,24.049999
2009-07-06 0:00:00,23.950001
2009-07-02 0:00:00,23.91
2009-07-01 0:00:00,23.780001
2009-06-30 0:00:00,23.9
2009-06-29 0:00:00,23.809999
2009-06-26 0:00:00,23.83
2009-06-25 0:00:00,23.969999
2009-06-24 0:00:00,23.99
2009-06-23 0:00:00,23.85
2009-06-22 0:00:00,24.129999
2009-06-19 0:00:00,23.969999
2009-06-18 0:00:00,24.08
2009-06-17 0:00:00,23.969999
2009-06-16 0:00:00,24.110001
2009-06-15 0:00:00,24.43
2009-06-12 0:00:00,23.99
2009-06-11 0:00:00,23.76
2009-06-10 0:00:00,24
2009-06-09 0:00:00,23.860001
2009-06-08 0:00:00,24.17
2009-06-05 0:00:00,24.16
2009-06-04 0:00:00,23.75
2009-06-03 0:00:00,23.799999
2009-06-02 0:00:00,23.450001
2009-06-01 0:00:00,23.67
2009-05-29 0:00:00,23.73
2009-05-28 0:00:00,24.07
2009-05-27 0:00:00,24.049999
2009-05-26 0:00:00,23.969999
2009-05-22 0:00:00,23.92
2009-05-21 0:00:00,24.09
2009-05-20 0:00:00,24.25
2009-05-19 0:00:00,24.549999
2009-05-18 0:00:00,24.68
2009-05-15 0:00:00,24.809999
2009-05-14 0:00:00,24.639999
2009-05-13 0:00:00,24.719999
2009-05-12 0:00:00,24.629999
2009-05-11 0:00:00,24.76
2009-05-08 0:00:00,24.629999
2009-05-07 0:00:00,25.08
2009-05-06 0:00:00,25.08
2009-05-05 0:00:00,25.129999
2009-05-04 0:00:00,25.049999
2009-05-01 0:00:00,25.280001
2009-04-30 0:00:00,25.34
2009-04-29 0:00:00,25.309999
2009-04-28 0:00:00,25.49
2009-04-27 0:00:00,25.65
2009-04-24 0:00:00,25.35
2009-04-23 0:00:00,25.549999
2009-04-22 0:00:00,25.84
2009-04-21 0:00:00,25.91
2009-04-20 0:00:00,25.969999
2009-04-17 0:00:00,25.77
2009-04-16 0:00:00,25.51
2009-04-15 0:00:00,25.42
2009-04-14 0:00:00,25.379999
2009-04-13 0:00:00,25.32
2009-04-09 0:00:00,25.66
2009-04-08 0:00:00,25.559999
2009-04-07 0:00:00,25.549999
2009-04-06 0:00:00,25.360001
2009-04-03 0:00:00,25.24
2009-04-02 0:00:00,25.32
2009-04-01 0:00:00,25.66
2009-03-31 0:00:00,25.639999
2009-03-30 0:00:00,25.73
2009-03-27 0:00:00,25.57
2009-03-26 0:00:00,25.27
2009-03-25 0:00:00,25.110001
2009-03-24 0:00:00,25.309999
2009-03-23 0:00:00,25.030001
2009-03-20 0:00:00,25.16
2009-03-19 0:00:00,24.950001
2009-03-18 0:00:00,25.25
2009-03-17 0:00:00,26.09
2009-03-16 0:00:00,26.129999
2009-03-13 0:00:00,26.209999
2009-03-12 0:00:00,26.18
2009-03-11 0:00:00,26.309999
2009-03-10 0:00:00,26.6
2009-03-09 0:00:00,26.75
2009-03-06 0:00:00,26.6
2009-03-05 0:00:00,26.73
2009-03-04 0:00:00,26.59
2009-03-03 0:00:00,26.74
2009-03-02 0:00:00,26.75
2009-02-27 0:00:00,26.48
2009-02-26 0:00:00,26.41
2009-02-25 0:00:00,26.43
2009-02-24 0:00:00,26.110001
2009-02-23 0:00:00,26.25
2009-02-20 0:00:00,26.01
2009-02-19 0:00:00,26.379999
2009-02-18 0:00:00,26.530001
2009-02-17 0:00:00,26.41
2009-02-13 0:00:00,25.9
2009-02-12 0:00:00,25.98
2009-02-11 0:00:00,25.879999
2009-02-10 0:00:00,25.84
2009-02-09 0:00:00,25.540001
2009-02-06 0:00:00,25.709999
2009-02-05 0:00:00,25.93
2009-02-04 0:00:00,25.85
2009-02-03 0:00:00,25.610001
2009-02-02 0:00:00,25.93
2009-01-30 0:00:00,25.950001
2009-01-29 0:00:00,25.790001
2009-01-28 0:00:00,25.59
2009-01-27 0:00:00,25.5
2009-01-26 0:00:00,25.530001
2009-01-23 0:00:00,25.870001
2009-01-22 0:00:00,25.879999
2009-01-21 0:00:00,25.9
2009-01-20 0:00:00,26.129999
2009-01-16 0:00:00,25.4
2009-01-15 0:00:00,25.620001
2009-01-14 0:00:00,25.629999
2009-01-13 0:00:00,25.530001
2009-01-12 0:00:00,25.24
2009-01-09 0:00:00,25.120001
2009-01-08 0:00:00,24.74
2009-01-07 0:00:00,24.99
2009-01-06 0:00:00,25.15
2009-01-05 0:00:00,25.190001
2009-01-02 0:00:00,24.92
2008-12-31 0:00:00,24.690001
2008-12-30 0:00:00,24.58
2008-12-29 0:00:00,24.690001
2008-12-26 0:00:00,24.57
2008-12-24 0:00:00,24.700001
2008-12-23 0:00:00,24.709999
2008-12-22 0:00:00,24.73
2008-12-19 0:00:00,24.74
2008-12-18 0:00:00,24.370001
2008-12-17 0:00:00,23.959999
2008-12-16 0:00:00,24.25
2008-12-15 0:00:00,24.85
2008-12-12 0:00:00,25.459999
2008-12-11 0:00:00,25.52
2008-12-10 0:00:00,26.1
2008-12-09 0:00:00,26.25
2008-12-08 0:00:00,26.18
2008-12-05 0:00:00,26.629999
2008-12-04 0:00:00,26.52
2008-12-03 0:00:00,26.59
2008-12-02 0:00:00,26.549999
2008-12-01 0:00:00,26.700001
2008-11-28 0:00:00,26.549999
2008-11-26 0:00:00,26.27
2008-11-25 0:00:00,25.98
2008-11-24 0:00:00,26.290001
2008-11-21 0:00:00,26.950001
2008-11-20 0:00:00,27.08
2008-11-19 0:00:00,26.9
2008-11-18 0:00:00,26.809999
2008-11-17 0:00:00,26.73
2008-11-14 0:00:00,26.75
2008-11-13 0:00:00,26.530001
2008-11-12 0:00:00,26.959999
2008-11-11 0:00:00,26.9
2008-11-10 0:00:00,26.49
2008-11-07 0:00:00,26.469999
2008-11-06 0:00:00,26.530001
2008-11-05 0:00:00,26.16
2008-11-04 0:00:00,26.07
2008-11-03 0:00:00,26.629999
2008-10-31 0:00:00,26.5
2008-10-30 0:00:00,26.110001
2008-10-29 0:00:00,26.139999
2008-10-28 0:00:00,26.57
2008-10-27 0:00:00,26.879999
2008-10-24 0:00:00,26.879999
2008-10-23 0:00:00,26.200001
2008-10-22 0:00:00,26.35
2008-10-21 0:00:00,26.040001
2008-10-20 0:00:00,25.620001
2008-10-17 0:00:00,25.42
2008-10-16 0:00:00,25.379999
2008-10-15 0:00:00,25.25
2008-10-14 0:00:00,24.959999
2008-10-13 0:00:00,24.969999
2008-10-10 0:00:00,24.99
2008-10-09 0:00:00,24.950001
2008-10-08 0:00:00,24.82
2008-10-07 0:00:00,24.9
2008-10-06 0:00:00,25.08
2008-10-03 0:00:00,24.780001
2008-10-02 0:00:00,24.879999
2008-10-01 0:00:00,24.540001
2008-09-30 0:00:00,24.440001
2008-09-29 0:00:00,23.82
2008-09-26 0:00:00,23.639999
2008-09-25 0:00:00,23.639999
2008-09-24 0:00:00,23.68
2008-09-23 0:00:00,23.450001
2008-09-22 0:00:00,23.299999
2008-09-19 0:00:00,23.84
2008-09-18 0:00:00,24.030001
2008-09-17 0:00:00,23.93
2008-09-16 0:00:00,24.459999
2008-09-15 0:00:00,24.110001
2008-09-12 0:00:00,24.33
2008-09-11 0:00:00,24.799999
2008-09-10 0:00:00,24.73
2008-09-09 0:00:00,24.57
2008-09-08 0:00:00,24.559999
2008-09-05 0:00:00,24.43
2008-09-04 0:00:00,24.34
2008-09-03 0:00:00,24.15
2008-09-02 0:00:00,24.17
2008-08-29 0:00:00,23.940001
2008-08-28 0:00:00,23.93
2008-08-27 0:00:00,23.85
2008-08-26 0:00:00,23.92
2008-08-25 0:00:00,23.780001
2008-08-22 0:00:00,23.790001
2008-08-21 0:00:00,23.549999
2008-08-20 0:00:00,23.82
2008-08-19 0:00:00,23.75
2008-08-18 0:00:00,23.860001
2008-08-15 0:00:00,23.93
2008-08-14 0:00:00,23.75
2008-08-13 0:00:00,23.610001
2008-08-12 0:00:00,23.610001
2008-08-11 0:00:00,23.66
2008-08-08 0:00:00,23.530001
2008-08-07 0:00:00,23.16
2008-08-06 0:00:00,23.040001
2008-08-05 0:00:00,22.969999
2008-08-04 0:00:00,22.799999
2008-08-01 0:00:00,22.790001
2008-07-31 0:00:00,22.719999
2008-07-30 0:00:00,22.719999
2008-07-29 0:00:00,22.74
2008-07-28 0:00:00,22.549999
2008-07-25 0:00:00,22.6
2008-07-24 0:00:00,22.57
2008-07-23 0:00:00,22.59
2008-07-22 0:00:00,22.5
2008-07-21 0:00:00,22.34
2008-07-18 0:00:00,22.42
2008-07-17 0:00:00,22.42
2008-07-16 0:00:00,22.379999
2008-07-15 0:00:00,22.27
2008-07-14 0:00:00,22.290001
2008-07-11 0:00:00,22.33
2008-07-10 0:00:00,22.48
2008-07-09 0:00:00,22.5
2008-07-08 0:00:00,22.66
2008-07-07 0:00:00,22.559999
2008-07-03 0:00:00,22.58
2008-07-02 0:00:00,22.360001
2008-07-01 0:00:00,22.469999
2008-06-30 0:00:00,22.49
2008-06-27 0:00:00,22.440001
2008-06-26 0:00:00,22.51
2008-06-25 0:00:00,22.65
2008-06-24 0:00:00,22.76
2008-06-23 0:00:00,22.82
2008-06-20 0:00:00,22.690001
2008-06-19 0:00:00,22.84
2008-06-18 0:00:00,22.82
2008-06-17 0:00:00,22.84
2008-06-16 0:00:00,22.889999
2008-06-13 0:00:00,22.99
2008-06-12 0:00:00,22.959999
2008-06-11 0:00:00,22.77
2008-06-10 0:00:00,22.92
2008-06-09 0:00:00,22.68
2008-06-06 0:00:00,22.49
2008-06-05 0:00:00,22.75
2008-06-04 0:00:00,22.860001
2008-06-03 0:00:00,22.799999
2008-06-02 0:00:00,22.68
2008-05-30 0:00:00,22.709999
2008-05-29 0:00:00,22.74
2008-05-28 0:00:00,22.559999
2008-05-27 0:00:00,22.459999
2008-05-23 0:00:00,22.33
2008-05-22 0:00:00,22.459999
2008-05-21 0:00:00,22.32
2008-05-20 0:00:00,22.48
2008-05-19 0:00:00,22.709999
2008-05-16 0:00:00,22.59
2008-05-15 0:00:00,22.809999
2008-05-14 0:00:00,22.83
2008-05-13 0:00:00,22.799999
2008-05-12 0:00:00,22.700001
2008-05-09 0:00:00,22.73
2008-05-08 0:00:00,22.879999
2008-05-07 0:00:00,22.879999
2008-05-06 0:00:00,22.73
2008-05-05 0:00:00,22.809999
2008-05-02 0:00:00,22.92
2008-05-01 0:00:00,22.799999
2008-04-30 0:00:00,22.610001
2008-04-29 0:00:00,22.77
2008-04-28 0:00:00,22.68
2008-04-25 0:00:00,22.709999
2008-04-24 0:00:00,22.65
2008-04-23 0:00:00,22.4
2008-04-22 0:00:00,22.25
2008-04-21 0:00:00,22.33
2008-04-18 0:00:00,22.5
2008-04-17 0:00:00,22.35
2008-04-16 0:00:00,22.23
2008-04-15 0:00:00,22.450001
2008-04-14 0:00:00,22.42
2008-04-11 0:00:00,22.42
2008-04-10 0:00:00,22.5
2008-04-09 0:00:00,22.4
2008-04-08 0:00:00,22.549999
2008-04-07 0:00:00,22.549999
2008-04-04 0:00:00,22.389999
2008-04-03 0:00:00,22.610001
2008-04-02 0:00:00,22.530001
2008-04-01 0:00:00,22.75
2008-03-31 0:00:00,22.4
2008-03-28 0:00:00,22.360001
2008-03-27 0:00:00,22.34
2008-03-26 0:00:00,22.299999
2008-03-25 0:00:00,22.620001
2008-03-24 0:00:00,23.129999
2008-03-20 0:00:00,22.790001
2008-03-19 0:00:00,22.549999
2008-03-18 0:00:00,22.530001
2008-03-17 0:00:00,22.27
2008-03-14 0:00:00,22.459999
2008-03-13 0:00:00,22.42
2008-03-12 0:00:00,22.48
2008-03-11 0:00:00,22.879999
2008-03-10 0:00:00,22.73
2008-03-07 0:00:00,22.799999
2008-03-06 0:00:00,22.73
2008-03-05 0:00:00,22.85
2008-03-04 0:00:00,22.959999
2008-03-03 0:00:00,22.9
2008-02-29 0:00:00,22.950001
2008-02-28 0:00:00,22.940001
2008-02-27 0:00:00,23.07
2008-02-26 0:00:00,23.219999
2008-02-25 0:00:00,23.379999
2008-02-22 0:00:00,23.26
2008-02-21 0:00:00,23.530001
2008-02-20 0:00:00,23.700001
2008-02-19 0:00:00,23.690001
2008-02-15 0:00:00,23.73
2008-02-14 0:00:00,23.73
2008-02-13 0:00:00,23.809999
2008-02-12 0:00:00,23.77
2008-02-11 0:00:00,23.85
2008-02-08 0:00:00,23.9
2008-02-07 0:00:00,23.969999
2008-02-06 0:00:00,23.74
2008-02-05 0:00:00,23.74
2008-02-04 0:00:00,23.49
2008-02-01 0:00:00,23.530001
2008-01-31 0:00:00,23.440001
2008-01-30 0:00:00,23.26
2008-01-29 0:00:00,23.4
2008-01-28 0:00:00,23.41
2008-01-25 0:00:00,23.559999
2008-01-24 0:00:00,23.5
2008-01-23 0:00:00,23.700001
2008-01-22 0:00:00,23.77
2008-01-18 0:00:00,23.73
2008-01-17 0:00:00,23.66
2008-01-16 0:00:00,23.700001
2008-01-15 0:00:00,23.41
2008-01-14 0:00:00,23.43
2008-01-11 0:00:00,23.549999
2008-01-10 0:00:00,23.440001
2008-01-09 0:00:00,23.67
2008-01-08 0:00:00,23.49
2008-01-07 0:00:00,23.52
2008-01-04 0:00:00,23.290001
2008-01-03 0:00:00,23.540001
2008-01-02 0:00:00,23.49
2007-12-31 0:00:00,23.700001
2007-12-28 0:00:00,23.549999
2007-12-27 0:00:00,23.709999
2007-12-26 0:00:00,23.860001
2007-12-24 0:00:00,23.950001
2007-12-21 0:00:00,24.110001
2007-12-20 0:00:00,24.049999
2007-12-19 0:00:00,24.01
2007-12-18 0:00:00,23.940001
2007-12-17 0:00:00,24.17
2007-12-14 0:00:00,24.17
2007-12-13 0:00:00,23.870001
2007-12-12 0:00:00,23.790001
2007-12-11 0:00:00,23.700001
2007-12-10 0:00:00,23.75
2007-12-07 0:00:00,23.92
2007-12-06 0:00:00,23.879999
2007-12-05 0:00:00,23.889999
2007-12-04 0:00:00,23.6
2007-12-03 0:00:00,23.77
2007-11-30 0:00:00,23.82
2007-11-29 0:00:00,23.639999
2007-11-28 0:00:00,23.51
2007-11-27 0:00:00,23.440001
2007-11-26 0:00:00,23.309999
2007-11-23 0:00:00,23.43
2007-11-21 0:00:00,23.26
2007-11-20 0:00:00,23.379999
2007-11-19 0:00:00,23.6
2007-11-16 0:00:00,23.67
2007-11-15 0:00:00,23.700001
2007-11-14 0:00:00,23.639999
2007-11-13 0:00:00,23.629999
2007-11-12 0:00:00,23.719999
2007-11-09 0:00:00,23.5
2007-11-08 0:00:00,23.5
2007-11-07 0:00:00,23.52
2007-11-06 0:00:00,23.639999
2007-11-05 0:00:00,23.719999
2007-11-02 0:00:00,23.6
2007-11-01 0:00:00,23.83
2007-10-31 0:00:00,23.75
2007-10-30 0:00:00,23.860001
2007-10-29 0:00:00,23.809999
2007-10-26 0:00:00,23.85
2007-10-25 0:00:00,23.950001
2007-10-24 0:00:00,24
2007-10-23 0:00:00,24.040001
2007-10-22 0:00:00,24.190001
2007-10-19 0:00:00,23.99
2007-10-18 0:00:00,24.040001
2007-10-17 0:00:00,24.190001
2007-10-16 0:00:00,24.200001
2007-10-15 0:00:00,24.17
2007-10-12 0:00:00,24.200001
2007-10-11 0:00:00,24.24
2007-10-10 0:00:00,24.219999
2007-10-09 0:00:00,24.290001
2007-10-08 0:00:00,24.379999
2007-10-05 0:00:00,24.23
2007-10-04 0:00:00,24.27
2007-10-03 0:00:00,24.299999
2007-10-02 0:00:00,24.23
2007-10-01 0:00:00,24.08
2007-09-28 0:00:00,24.049999
2007-09-27 0:00:00,24.23
2007-09-26 0:00:00,24.27
2007-09-25 0:00:00,24.190001
2007-09-24 0:00:00,24.25
2007-09-21 0:00:00,24.26
2007-09-20 0:00:00,24.25
2007-09-19 0:00:00,24.43
2007-09-18 0:00:00,24.440001
2007-09-17 0:00:00,24.52
2007-09-14 0:00:00,24.540001
2007-09-13 0:00:00,24.48
2007-09-12 0:00:00,24.41
2007-09-11 0:00:00,24.530001
2007-09-10 0:00:00,24.5
2007-09-07 0:00:00,24.530001
2007-09-06 0:00:00,24.67
2007-09-05 0:00:00,24.74
2007-09-04 0:00:00,24.83
2007-08-31 0:00:00,24.790001
2007-08-30 0:00:00,24.85
2007-08-29 0:00:00,24.74
2007-08-28 0:00:00,24.76
2007-08-27 0:00:00,24.76
2007-08-24 0:00:00,24.780001
2007-08-23 0:00:00,24.889999
2007-08-22 0:00:00,24.93
2007-08-21 0:00:00,25
2007-08-20 0:00:00,24.99
2007-08-17 0:00:00,24.93
2007-08-16 0:00:00,25
2007-08-15 0:00:00,25.07
2007-08-14 0:00:00,24.959999
2007-08-13 0:00:00,24.799999
2007-08-10 0:00:00,24.73
2007-08-09 0:00:00,24.709999
2007-08-08 0:00:00,24.52
2007-08-07 0:00:00,24.59
2007-08-06 0:00:00,24.52
2007-08-03 0:00:00,24.469999
2007-08-02 0:00:00,24.700001
2007-08-01 0:00:00,24.66
2007-07-31 0:00:00,24.65
2007-07-30 0:00:00,24.690001
2007-07-27 0:00:00,24.65
2007-07-26 0:00:00,24.450001
2007-07-25 0:00:00,24.559999
2007-07-24 0:00:00,24.35
2007-07-23 0:00:00,24.540001
2007-07-20 0:00:00,24.49
2007-07-19 0:00:00,24.530001
2007-07-18 0:00:00,24.540001
2007-07-17 0:00:00,24.559999
2007-07-16 0:00:00,24.559999
2007-07-13 0:00:00,24.57
2007-07-12 0:00:00,24.549999
2007-07-11 0:00:00,24.59
2007-07-10 0:00:00,24.620001
2007-07-09 0:00:00,24.790001
2007-07-06 0:00:00,24.780001
2007-07-05 0:00:00,24.83
2007-07-03 0:00:00,24.709999
2007-07-02 0:00:00,24.75
2007-06-29 0:00:00,24.879999
2007-06-28 0:00:00,25.030001
2007-06-27 0:00:00,25.030001
2007-06-26 0:00:00,24.99
2007-06-25 0:00:00,25.030001
2007-06-22 0:00:00,24.950001
2007-06-21 0:00:00,25.1
2007-06-20 0:00:00,24.120001
2007-06-19 0:00:00,25.07
2007-06-18 0:00:00,25.059999
2007-06-15 0:00:00,25.09
2007-06-14 0:00:00,25.23
2007-06-13 0:00:00,25.200001
2007-06-12 0:00:00,25.15
2007-06-11 0:00:00,25.1
2007-06-08 0:00:00,25.040001
2007-06-07 0:00:00,24.959999
2007-06-06 0:00:00,24.799999
2007-06-05 0:00:00,24.76
2007-06-04 0:00:00,24.83
2007-06-01 0:00:00,24.93
2007-05-31 0:00:00,24.92
2007-05-30 0:00:00,24.959999
2007-05-29 0:00:00,24.92
2007-05-25 0:00:00,24.91
2007-05-24 0:00:00,24.93
2007-05-23 0:00:00,24.889999
2007-05-22 0:00:00,24.91
2007-05-21 0:00:00,24.9
2007-05-18 0:00:00,24.83
2007-05-17 0:00:00,24.879999
2007-05-16 0:00:00,24.82
2007-05-15 0:00:00,24.709999
2007-05-14 0:00:00,24.790001
2007-05-11 0:00:00,24.809999
2007-05-10 0:00:00,24.790001
2007-05-09 0:00:00,24.76
2007-05-08 0:00:00,24.73
2007-05-07 0:00:00,24.66
2007-05-04 0:00:00,24.6
2007-05-03 0:00:00,24.690001
2007-05-02 0:00:00,24.66
2007-05-01 0:00:00,24.639999
2007-04-30 0:00:00,24.49
2007-04-27 0:00:00,24.540001
2007-04-26 0:00:00,24.620001
2007-04-25 0:00:00,24.52
2007-04-24 0:00:00,24.559999
2007-04-23 0:00:00,24.59
2007-04-20 0:00:00,24.459999
2007-04-19 0:00:00,24.549999
2007-04-18 0:00:00,24.549999
2007-04-17 0:00:00,24.58
2007-04-16 0:00:00,24.59
2007-04-13 0:00:00,24.690001
2007-04-12 0:00:00,24.700001
2007-04-11 0:00:00,24.85
2007-04-10 0:00:00,24.85
2007-04-09 0:00:00,24.93
2007-04-05 0:00:00,24.77
2007-04-04 0:00:00,24.85
2007-04-03 0:00:00,24.879999
2007-04-02 0:00:00,24.85
2007-03-30 0:00:00,24.790001
2007-03-29 0:00:00,24.870001
2007-03-28 0:00:00,24.84
2007-03-27 0:00:00,24.84
2007-03-26 0:00:00,24.85
2007-03-23 0:00:00,24.93
2007-03-22 0:00:00,24.780001
2007-03-21 0:00:00,24.780001
2007-03-20 0:00:00,24.85
2007-03-19 0:00:00,25
2007-03-16 0:00:00,24.870001
2007-03-15 0:00:00,24.959999
2007-03-14 0:00:00,24.959999
2007-03-13 0:00:00,25.02
2007-03-12 0:00:00,25.08
2007-03-09 0:00:00,25.16
2007-03-08 0:00:00,25.120001
2007-03-07 0:00:00,25
2007-03-06 0:00:00,25.1
2007-03-05 0:00:00,25.120001
2007-03-02 0:00:00,24.959999
2007-03-01 0:00:00,24.969999